Rank,Ticker,Sector,Industry,Exchange,Relative Strength,Percentile,1 Month Ago,3 Months Ago,6 Months Ago
1,DOGZ,Consumer Defensive,Household & Personal Products,NASDAQ,483.54,99,99,99,98
2,UAMY,Basic Materials,Other Industrial Metals & Mining,NYSE MKT,475.86,99,97,99,63
3,IONQ,Technology,Computer Hardware,NYSE,457.67,99,99,19,8
4,RKLB,Industrials,Aerospace & Defense,NASDAQ,421.06,99,99,97,48
5,APP,Technology,Softwareâ€”Application,NASDAQ,395.97,99,99,99,98
6,SRRK,Healthcare,Biotechnology,NASDAQ,379.68,99,98,19,14
7,SGMO,Healthcare,Biotechnology,NASDAQ,375.99,99,99,97,4
8,INOD,Technology,Information Technology Services,NASDAQ,371.55,99,99,96,98
9,PRFX,Healthcare,Drug Manufacturers—Specialty & Generic,NASDAQ,360.65,99,45,0,0
10,KINS,Financial Services,Insurance—Property & Casualty,NASDAQ,356.49,99,99,99,99
11,MFH,Financial Services,Capital Markets,NASDAQ,348.7,99,99,13,79
12,MESO,Healthcare,Biotechnology,NASDAQ,348.09,99,99,98,97
13,HUIZ,Financial Services,Insurance Brokers,NASDAQ,325.18,99,17,17,81
14,CANG,Communication Services,Internet Content & Information,NYSE,320.51,99,99,79,92
15,ARQQ,Technology,Softwareâ€”Infrastructure,NASDAQ,318.67,99,33,4,4
16,ALGS,Healthcare,Biotechnology,NASDAQ,317.15,99,77,6,3
17,CADL,Healthcare,Biotechnology,NASDAQ,315.34,99,95,99,99
18,MVST,Industrials,Electrical Equipment & Parts,NASDAQ,314.15,99,84,1,2
19,VUZI,Technology,Consumer Electronics,NASDAQ,310.98,99,47,9,7
20,KC,Technology,Software—Application,NASDAQ,302.53,99,96,23,8
21,WKEY,Technology,Semiconductors,NASDAQ,300.83,99,26,41,42
22,SMMT,Healthcare,Biotechnology,NASDAQ,298.68,99,99,99,99
23,CMRX,Healthcare,Biotechnology,NASDAQ,297.93,99,25,28,22
24,LX,Financial Services,Credit Services,NASDAQ,294.78,99,96,62,22
25,QURE,Healthcare,Biotechnology,NASDAQ,291.94,99,34,26,8
26,ICLK,Communication Services,Advertising Agencies,NASDAQ,285.13,99,94,96,4
27,ASTS,Communication Services,Telecom Services,NASDAQ,283.84,99,99,99,99
28,DBVT,Healthcare,Biotechnology,NASDAQ,283.42,99,2,5,2
29,REAL,Consumer Cyclical,Specialty Retail,NASDAQ,282.54,99,96,63,89
30,EOSE,Industrials,Electrical Equipment & Parts,NASDAQ,281.37,99,97,98,76
31,PSTX,Healthcare,Biotechnology,NASDAQ,280.81,99,25,36,80
32,FOA,Financial Services,Credit Services,NYSE,280.22,99,99,92,3
33,PLTR,Technology,Software—Infrastructure,NASDAQ,277.8,99,98,97,93
34,PULM,Healthcare,Biotechnology,NASDAQ,277.75,99,99,47,43
35,MSTR,Technology,Software—Application,NASDAQ,275.61,99,99,99,99
36,LSF,Consumer Defensive,Packaged Foods,NYSE MKT,272.73,99,99,99,99
37,BSGM,Healthcare,Medical Devices,NASDAQ,269.12,99,99,3,0
38,PSNL,Healthcare,Diagnostics & Research,NASDAQ,267.38,99,94,99,19
39,WLFC,Industrials,Rental & Leasing Services,NASDAQ,263.95,99,99,99,95
40,LUMN,Communication Services,Telecom Services,NYSE,263.38,99,99,99,10
41,MTC,Technology,Software—Application,NASDAQ,260.52,99,9,4,4
42,KOD,Healthcare,Biotechnology,NASDAQ,257.95,99,96,36,11
43,RDW,Industrials,Aerospace & Defense,NYSE,255.98,99,99,96,99
44,NEON,Technology,Electronic Components,NASDAQ,254.84,99,99,99,72
45,ETON,Healthcare,Biotechnology,NASDAQ,254.66,99,99,93,25
46,OMER,Healthcare,Biotechnology,NASDAQ,253.9,99,98,60,76
47,VNCE,Consumer Cyclical,Apparel Manufacturing,NYSE,243.78,98,32,41,5
48,AAOI,Technology,Semiconductors,NASDAQ,243.0,98,99,88,13
49,PRCH,Technology,Software—Application,NASDAQ,240.0,98,97,32,38
50,ROOT,Financial Services,Insurance—Property & Casualty,NASDAQ,239.98,98,99,98,99
51,BFLY,Healthcare,Medical Devices,NYSE,233.56,98,99,94,18
52,TARA,Healthcare,Biotechnology,NASDAQ,233.22,98,56,19,19
53,COMM,Technology,Communication Equipment,NASDAQ,231.96,98,97,99,7
54,BYRN,Industrials,Aerospace & Defense,NASDAQ,229.25,98,97,99,98
55,XGN,Healthcare,Diagnostics & Research,NASDAQ,227.75,98,96,95,31
56,LMND,Financial Services,Insurance—Property & Casualty,NYSE,221.08,98,99,58,54
57,SNT,Industrials,Security & Protection Services,NASDAQ,218.76,98,97,61,96
58,SUPV,Financial Services,Banks—Regional,NYSE,218.51,98,98,96,97
59,ECOR,Healthcare,Medical Devices,NASDAQ,217.52,98,93,55,61
60,ARQT,Healthcare,Biotechnology,NASDAQ,215.68,98,96,93,95
61,CLOV,Healthcare,Healthcare Plans,NASDAQ,215.41,98,98,99,93
62,PDEX,Healthcare,Medical Instruments & Supplies,NASDAQ,215.08,98,98,94,51
63,ATOM,Technology,Semiconductor Equipment & Materials,NASDAQ,214.88,98,87,4,6
64,OXBR,Financial Services,Insurance—Reinsurance,NASDAQ,213.08,98,97,98,98
65,BKTI,Technology,Communication Equipment,NYSE MKT,212.6,98,98,97,28
66,IKT,Healthcare,Biotechnology,NASDAQ,212.44,98,86,19,9
67,ACRS,Healthcare,Biotechnology,NASDAQ,211.98,98,99,21,9
68,BBAR,Financial Services,Banks—Regional,NYSE,211.45,98,99,97,96
69,PPTA,Basic Materials,Other Precious Metals & Mining,NASDAQ,209.92,98,97,99,91
70,TMQ,Basic Materials,Other Industrial Metals & Mining,NYSE MKT,207.41,98,99,39,44
71,GGAL,Financial Services,Banks—Regional,NASDAQ,203.83,98,98,98,96
72,RKDA,Basic Materials,Agricultural Inputs,NASDAQ,203.21,98,22,28,75
73,EAT,Consumer Cyclical,Restaurants,NYSE,203.2,98,98,95,97
74,LFVN,Consumer Defensive,Packaged Foods,NASDAQ,202.59,98,96,98,64
75,WNW,Consumer Cyclical,Restaurants,NASDAQ,199.9,98,12,9,3
76,WVE,Healthcare,Biotechnology,NASDAQ,199.78,98,99,94,48
77,UI,Technology,Communication Equipment,NYSE,197.84,98,98,95,75
78,DOYU,Communication Services,Internet Content & Information,NASDAQ,196.37,98,96,99,94
79,RGS,Consumer Cyclical,Personal Services,NASDAQ,195.16,98,98,98,98
80,NCTY,Communication Services,Electronic Gaming & Multimedia,NASDAQ,194.95,98,91,20,91
81,ALLT,Technology,Softwareâ€”Infrastructure,NASDAQ,194.78,98,97,91,79
82,VRNA,Healthcare,Biotechnology,NASDAQ,194.66,98,98,96,30
83,INSG,Technology,Communication Equipment,NASDAQ,194.21,98,99,99,99
84,CLS,Technology,Electronic Components,NYSE,193.51,98,97,90,99
85,UPST,Financial Services,Credit Services,NASDAQ,193.44,98,98,93,16
86,GEO,Real Estate,REIT—Healthcare Facilities,NYSE,192.88,98,98,51,95
87,CVNA,Consumer Cyclical,Internet Retail,NYSE,192.35,98,99,99,99
88,NTRBW,Healthcare,Biotechnology,NASDAQ,191.65,98,97,99,87
89,DMAC,Healthcare,Biotechnology,NASDAQ,191.32,98,81,94,37
90,SMLR,Healthcare,Medical Devices,NASDAQ,190.21,98,97,10,71
91,CAPR,Healthcare,Biotechnology,NASDAQ,189.57,98,99,97,42
92,DDL,Consumer Defensive,Grocery Stores,NYSE,189.5,97,98,97,85
93,CRVS,Healthcare,Biotechnology,NASDAQ,189.33,97,99,99,50
94,EBS,Healthcare,Drug Manufacturers—Specialty & Generic,NYSE,189.0,97,98,98,99
95,EDN,Utilities,Utilities—Regulated Electric,NYSE,188.75,97,97,91,34
96,AGX,Industrials,Engineering & Construction,NYSE,188.63,97,99,97,96
97,SMTC,Technology,Semiconductors,NASDAQ,188.33,97,96,97,85
98,JVA,Consumer Defensive,Packaged Foods,NASDAQ,188.2,97,98,99,98
99,LPTH,Technology,Electronic Components,NASDAQ,188.01,97,57,45,45
100,PLBY,Consumer Cyclical,Leisure,NASDAQ,187.3,97,95,16,15
101,BE,Industrials,Electrical Equipment & Parts,NYSE,186.69,97,97,17,22
102,AMST,Technology,Softwareâ€”Application,NASDAQ,186.6,97,38,36,71
103,CDXC,Healthcare,Biotechnology,NASDAQ,186.07,97,99,97,89
104,ELDN,Healthcare,Biotechnology,NASDAQ,185.27,97,97,86,94
105,HNST,Consumer Cyclical,Specialty Retail,NASDAQ,184.97,97,98,92,83
106,ADMA,Healthcare,Biotechnology,NASDAQ,184.84,97,99,99,99
107,LNSR,Healthcare,Medical Devices,NASDAQ,184.45,97,96,72,83
108,BMA,Financial Services,Banks—Regional,NYSE,184.21,97,98,98,98
109,RZLT,Healthcare,Biotechnology,NASDAQ,182.9,97,98,99,99
110,DSP,Technology,Software—Application,NASDAQ,182.81,97,98,89,95
111,BCOV,Technology,Software—Application,NASDAQ,182.62,97,85,20,39
112,PTON,Consumer Cyclical,Leisure,NASDAQ,182.35,97,97,71,10
113,CLPT,Healthcare,Medical Devices,NASDAQ,182.07,97,88,97,24
114,YPF,Energy,Oil & Gas Integrated,NYSE,181.89,97,97,81,85
115,NVCR,Healthcare,Medical Instruments & Supplies,NASDAQ,180.83,97,45,29,44
116,UAL,Industrials,Airlines,NASDAQ,180.83,97,97,84,63
117,BNTC,Healthcare,Biotechnology,NASDAQ,180.66,97,95,98,99
118,OPFI,Technology,Software—Application,NYSE,180.08,97,96,93,90
119,TNXP,Healthcare,Biotechnology,NASDAQ,178.75,97,0,0,0
120,PRAX,Healthcare,Biotechnology,NASDAQ,178.55,97,97,97,94
121,API,Technology,Softwareâ€”Application,NASDAQ,178.38,97,96,33,21
122,SOFI,Financial Services,Credit Services,NASDAQ,178.26,97,97,40,19
123,RAIL,Industrials,Railroads,NASDAQ,177.8,97,98,99,58
124,BMTX,Technology,Software—Application,NYSE MKT,177.61,97,95,95,75
125,VSCO,Consumer Cyclical,Apparel Retail,NYSE,176.95,97,91,88,27
126,DAO,Communication Services,Internet Content & Information,NYSE,176.52,97,89,22,28
127,USLM,Basic Materials,Building Materials,NASDAQ,176.38,97,98,96,94
128,AXON,Industrials,Aerospace & Defense,NASDAQ,176.05,97,97,93,83
129,VST,Utilities,Utilities—Independent Power Producers,NYSE,175.25,97,99,98,99
130,SMWB,Communication Services,Internet Content & Information,NYSE,174.39,97,94,87,64
131,HUT,Financial Services,Capital Markets,NASDAQ,174.38,97,98,31,92
132,CRNC,Technology,Software—Application,NASDAQ,174.24,97,69,3,0
133,DUOT,Technology,Software—Application,NASDAQ,174.05,97,96,14,15
134,TSLA,Consumer Cyclical,Auto Manufacturers,NASDAQ,172.88,97,93,74,65
135,CAN,Technology,Computer Hardware,NASDAQ,172.79,97,89,12,7
136,KOSS,Technology,Consumer Electronics,NASDAQ,172.51,97,95,98,94
137,BTCS,Financial Services,Capital Markets,NASDAQ,171.99,96,99,19,48
138,FLXS,Consumer Cyclical,"Furnishings, Fixtures & Appliances",NASDAQ,171.94,96,97,96,85
139,FEIM,Technology,Communication Equipment,NASDAQ,170.88,96,75,91,53
140,CMMB,Healthcare,Biotechnology,NASDAQ,170.47,96,96,98,82
141,TZOO,Consumer Cyclical,Travel Services,NASDAQ,170.47,96,96,94,29
142,ATER,Technology,Consumer Electronics,NASDAQ,169.52,96,99,99,99
143,TARS,Healthcare,Biotechnology,NASDAQ,169.04,96,95,91,83
144,EWTX,Healthcare,Biotechnology,NASDAQ,168.67,96,98,98,98
145,CDTX,Healthcare,Biotechnology,NASDAQ,168.07,96,81,11,8
146,QFIN,Financial Services,Credit Services,NASDAQ,167.62,96,95,95,74
147,FBRX,Healthcare,Biotechnology,NASDAQ,167.37,96,88,1,12
148,ONDS,Technology,Communication Equipment,NASDAQ,167.35,96,18,30,7
149,MYTE,Consumer Cyclical,Luxury Goods,NYSE,167.22,96,97,38,94
150,NGVC,Consumer Defensive,Grocery Stores,NYSE,167.15,96,96,95,94
151,TATT,Industrials,Aerospace & Defense,NASDAQ,166.79,96,93,94,95
152,RSI,Consumer Cyclical,Gambling,NYSE,166.1,96,97,96,98
153,OUST,Technology,Electronic Components,NYSE,165.62,96,80,17,92
154,AVPT,Technology,Software—Infrastructure,NASDAQ,165.39,96,97,90,94
155,VBFC,Financial Services,Banks—Regional,NASDAQ,165.21,96,94,54,46
156,CLBT,Technology,Software—Infrastructure,NASDAQ,164.92,96,94,96,92
157,NOTV,Healthcare,Diagnostics & Research,NASDAQ,164.9,96,93,6,1
158,PRTH,Technology,Information Technology Services,NASDAQ,164.8,96,97,96,94
159,WWW,Consumer Cyclical,Footwear & Accessories,NYSE,163.99,96,97,95,90
160,XLO,Healthcare,Biotechnology,NASDAQ,163.94,96,46,15,14
161,HROW,Healthcare,Drug Manufacturers—Specialty & Generic,NASDAQ,163.58,96,99,99,95
162,CKPT,Healthcare,Biotechnology,NASDAQ,162.72,96,94,66,62
163,ATLC,Financial Services,Credit Services,NASDAQ,162.46,96,95,57,33
164,DCTH,Healthcare,Medical Devices,NASDAQ,161.91,96,96,96,97
165,TPB,Consumer Defensive,Tobacco,NYSE,161.51,96,97,93,89
166,EMKR,Technology,Semiconductors,NASDAQ,160.93,96,97,5,0
167,CCB,Financial Services,Banks—Regional,NASDAQ,160.54,96,94,72,78
168,QTWO,Technology,Software—Application,NYSE,160.42,96,96,96,95
169,ELMD,Healthcare,Medical Devices,NYSE MKT,160.18,96,97,93,75
170,MAPS,Technology,Software—Application,NASDAQ,159.71,96,70,21,50
171,ARIS,Utilities,Utilities—Regulated Water,NYSE,159.61,96,98,89,93
172,COE,Consumer Defensive,Education & Training Services,NYSE MKT,159.58,96,95,96,94
173,UNFI,Consumer Defensive,Food Distribution,NYSE,159.25,96,94,78,37
174,SWIM,Industrials,Building Products & Equipment,NASDAQ,159.25,96,95,99,33
175,LC,Financial Services,Credit Services,NYSE,158.75,96,96,88,51
176,JG,Technology,Software—Application,NASDAQ,158.18,96,99,99,20
177,HYLN,Consumer Cyclical,Auto Parts,NYSE MKT,158.16,96,99,97,81
178,HIMS,Consumer Defensive,Household & Personal Products,NYSE,157.93,96,97,94,99
179,SE,Communication Services,Electronic Gaming & Multimedia,NYSE,157.84,96,97,97,94
180,CRMD,Healthcare,Biotechnology,NASDAQ,157.73,96,98,98,60
181,SFM,Consumer Defensive,Grocery Stores,NASDAQ,157.58,96,97,97,97
182,PRIM,Industrials,Engineering & Construction,NYSE,157.42,95,96,91,90
183,PCTTU,Industrials,Pollution & Treatment Controls,NASDAQ,157.24,95,98,23,2
184,TVTX,Healthcare,Biotechnology,NASDAQ,156.58,95,98,97,34
185,WRBY,Healthcare,Medical Instruments & Supplies,NYSE,156.58,95,93,61,83
186,CRDF,Healthcare,Biotechnology,NASDAQ,156.46,95,77,85,57
187,CRS,Industrials,Metal Fabrication,NYSE,156.4,95,96,97,96
188,CDXS,Healthcare,Biotechnology,NASDAQ,156.26,95,92,67,53
189,OPTT,Industrials,Electrical Equipment & Parts,NYSE MKT,155.83,95,8,6,95
190,HEPS,Consumer Cyclical,Internet Retail,NASDAQ,155.65,95,92,83,96
191,UTI,Consumer Defensive,Education & Training Services,NYSE,155.48,95,92,77,96
192,TDS,Communication Services,Telecom Services,NYSE,155.25,95,95,82,94
193,AMPG,Technology,Communication Equipment,NASDAQ,154.94,95,12,6,4
194,XYF,Financial Services,Credit Services,NYSE,154.89,95,90,87,66
195,PCT,Industrials,Pollution & Treatment Controls,NASDAQ,154.8,95,98,96,50
196,SRTS,Healthcare,Medical Devices,NASDAQ,154.61,95,97,95,96
197,GDS,Technology,Information Technology Services,NASDAQ,154.47,95,95,99,72
198,AOUT,Consumer Cyclical,Leisure,NASDAQ,154.42,95,58,35,33
199,AXGN,Healthcare,Medical Devices,NASDAQ,154.39,95,91,98,60
200,TIGR,Financial Services,Capital Markets,NASDAQ,154.2,95,84,67,78
201,MIND,Technology,Scientific & Technical Instruments,NASDAQ,153.95,95,19,8,4
202,FTK,Energy,Oil & Gas Equipment & Services,NYSE,153.82,95,97,62,77
203,TAC,Utilities,Utilities—Independent Power Producers,NYSE,153.77,95,86,91,32
204,DXPE,Industrials,Industrial Distribution,NASDAQ,153.68,95,93,79,67
205,WILC,Consumer Defensive,Food Distribution,NASDAQ,152.97,95,89,59,25
206,NTRA,Healthcare,Diagnostics & Research,NASDAQ,152.96,95,97,96,98
207,MYSZ,Technology,Software—Application,NASDAQ,152.92,95,2,3,6
208,MYO,Healthcare,Medical Devices,NYSE MKT,152.85,95,86,92,98
209,CRNT,Technology,Communication Equipment,NASDAQ,152.81,95,74,57,55
210,TWLO,Communication Services,Internet Content & Information,NYSE,152.64,95,94,43,32
211,PAM,Utilities,Utilities—Regulated Electric,NYSE,152.48,95,95,86,48
212,KEQU,Consumer Cyclical,"Furnishings, Fixtures & Appliances",NASDAQ,152.37,95,81,54,98
213,KRNT,Industrials,Specialty Industrial Machinery,NASDAQ,152.32,95,95,93,15
214,REE,Consumer Cyclical,Recreational Vehicles,NASDAQ,151.99,95,92,90,15
215,CIEN,Technology,Communication Equipment,NYSE,151.93,95,79,86,50
216,SITM,Technology,Semiconductors,NASDAQ,151.19,95,95,94,85
217,USAS,Basic Materials,Other Industrial Metals & Mining,NYSE MKT,151.01,95,91,78,23
218,TISI,Industrials,Specialty Business Services,NYSE,150.91,95,96,98,60
219,EHTH,Financial Services,Insurance Brokers,NASDAQ,150.42,95,27,10,9
220,FTAI,Industrials,Rental & Leasing Services,NASDAQ,150.36,95,98,98,99
221,PAY,Technology,Information Technology Services,NYSE,150.24,95,96,45,82
222,JWEL,Consumer Cyclical,Internet Retail,NASDAQ,150.17,95,97,7,53
223,RVLV,Consumer Cyclical,Internet Retail,NYSE,150.0,95,96,94,32
224,TGTX,Healthcare,Biotechnology,NASDAQ,149.91,95,97,95,90
225,MHH,Industrials,Staffing & Employment Services,NYSE MKT,149.45,95,92,79,21
226,MRVL,Technology,Semiconductors,NASDAQ,149.23,95,86,64,74
227,DSGN,Healthcare,Biotechnology,NASDAQ,149.2,94,92,96,41
228,TRVI,Healthcare,Biotechnology,NASDAQ,148.54,94,76,86,86
229,POWL,Industrials,Electrical Equipment & Parts,NASDAQ,148.45,94,96,98,96
230,IESC,Industrials,Engineering & Construction,NASDAQ,148.31,94,98,98,97
231,WHLRP,Real Estate,REIT—Retail,NASDAQ,148.13,94,96,79,92
232,ADPT,Healthcare,Biotechnology,NASDAQ,148.08,94,43,74,27
233,AEYE,Technology,Softwareâ€”Application,NASDAQ,147.91,94,99,99,99
234,RBOT,Healthcare,Medical Devices,NYSE,147.78,94,67,7,5
235,NTGR,Technology,Communication Equipment,NASDAQ,147.69,94,93,89,52
236,VERX,Technology,Software—Application,NASDAQ,147.47,94,95,79,92
237,DOCU,Technology,Software—Application,NASDAQ,147.26,94,91,71,50
238,CALM,Consumer Defensive,Farm Products,NASDAQ,147.19,94,93,86,80
239,GEVO,Basic Materials,Specialty Chemicals,NASDAQ,146.77,94,93,97,6
240,GDYN,Technology,Information Technology Services,NASDAQ,146.33,94,86,73,32
241,DALN,Communication Services,Publishing,NASDAQ,146.2,94,85,53,32
242,OCFT,Technology,Software—Application,NYSE,145.89,94,69,11,6
243,LMB,Industrials,Engineering & Construction,NASDAQ,145.46,94,96,96,96
244,AVXL,Healthcare,Biotechnology,NASDAQ,145.39,94,94,41,14
245,RDVT,Technology,Software—Application,NASDAQ,145.14,94,93,85,89
246,AFRM,Technology,Information Technology Services,NASDAQ,144.96,94,97,88,73
247,ALK,Industrials,Airlines,NYSE,144.71,94,86,58,37
248,NAK,Basic Materials,Other Industrial Metals & Mining,NYSE MKT,144.69,94,89,49,56
249,FSI,Basic Materials,Specialty Chemicals,NYSE MKT,144.44,94,96,97,21
250,SENEB,Consumer Defensive,Packaged Foods,NASDAQ,144.44,94,80,83,86
251,ROAD,Industrials,Engineering & Construction,NASDAQ,143.8,94,95,92,87
252,INTA,Technology,Software—Application,NASDAQ,143.76,94,90,88,63
253,IGIC,Financial Services,Insurance—Diversified,NASDAQ,143.73,94,96,92,87
254,SIEB,Financial Services,Capital Markets,NASDAQ,143.73,94,91,83,23
255,SPOT,Communication Services,Internet Content & Information,NYSE,143.41,94,95,96,96
256,WYY,Technology,Information Technology Services,NYSE MKT,143.39,94,95,79,98
257,USAP,Basic Materials,Steel,NASDAQ,143.19,94,94,98,96
258,TPL,Energy,Oil & Gas E&P,NYSE,143.13,94,98,89,91
259,BBW,Consumer Cyclical,Specialty Retail,NYSE,142.69,94,84,73,41
260,GHM,Industrials,Specialty Industrial Machinery,NYSE,142.67,94,94,84,93
261,TPC,Industrials,Engineering & Construction,NYSE,142.66,94,97,98,99
262,BVS,Healthcare,Diagnostics & Research,NASDAQ,142.64,94,96,99,94
263,IBIO,Healthcare,Biotechnology,NYSE MKT,142.59,94,71,16,9
264,LTBR,Industrials,Electrical Equipment & Parts,NASDAQ,142.55,94,98,17,45
265,INSM,Healthcare,Biotechnology,NASDAQ,142.44,94,98,98,99
266,IDCC,Communication Services,Telecom Services,NASDAQ,142.32,94,93,87,88
267,IRS,Industrials,Conglomerates,NYSE,142.3,94,96,91,65
268,APEI,Consumer Defensive,Education & Training Services,NASDAQ,142.29,94,94,91,99
269,CNTA,Healthcare,Biotechnology,NASDAQ,142.29,94,96,97,76
270,CPIX,Healthcare,Drug Manufacturers—Specialty & Generic,NASDAQ,142.18,94,9,11,24
271,TCOM,Consumer Cyclical,Travel Services,NASDAQ,142.1,94,91,90,82
272,NAPA,Consumer Defensive,Beverages—Wineries & Distilleries,NYSE,141.92,93,86,8,13
273,PAR,Technology,Software—Application,NYSE,141.92,93,93,75,76
274,HNNA,Financial Services,Asset Management,NASDAQ,141.5,93,85,91,62
275,ASAN,Technology,Softwareâ€”Application,NYSE,141.28,93,25,12,18
276,DAKT,Technology,Computer Hardware,NASDAQ,141.05,93,69,72,95
277,TGS,Energy,Oil & Gas Integrated,NYSE,140.86,93,96,83,89
278,HNRG,Energy,Thermal Coal,NASDAQ,140.83,93,95,55,66
279,HITI,Healthcare,Pharmaceutical Retailers,NASDAQ,140.67,93,89,34,74
280,SKYT,Technology,Semiconductors,NASDAQ,140.65,93,37,67,30
281,KRMD,Healthcare,Medical Instruments & Supplies,NASDAQ,140.53,93,93,43,26
282,LITE,Technology,Communication Equipment,NASDAQ,140.53,93,95,86,64
283,CRK,Energy,Oil & Gas E&P,NYSE,140.48,93,90,55,66
284,GAMB,Consumer Cyclical,Gambling,NASDAQ,140.06,93,86,49,19
285,LOMA,Basic Materials,Building Materials,NYSE,139.91,93,92,85,44
286,IBKR,Financial Services,Capital Markets,NASDAQ,139.88,93,95,87,91
287,UUU,Industrials,Security & Protection Services,NYSE MKT,139.86,93,88,9,21
288,YSG,Consumer Cyclical,Specialty Retail,NYSE,139.86,93,86,70,27
289,FOSL,Consumer Cyclical,Luxury Goods,NASDAQ,139.81,93,34,15,41
290,JEF,Financial Services,Financial Conglomerates,NYSE,139.58,93,94,91,90
291,TOST,Technology,Software—Infrastructure,NYSE,139.29,93,97,77,87
292,PFIE,Energy,Oil & Gas Equipment & Services,NASDAQ,139.25,93,93,22,18
293,AKA,Consumer Cyclical,Internet Retail,NYSE,139.24,93,87,99,99
294,SLQT,Financial Services,Insurance Brokers,NYSE,139.16,93,62,46,98
295,OLO,Technology,Software—Application,NYSE,139.09,93,82,28,16
296,RCL,Consumer Cyclical,Travel Services,NYSE,139.04,93,95,90,91
297,VEON,Communication Services,Telecom Services,NASDAQ,138.89,93,75,86,85
298,TILE,Consumer Cyclical,"Furnishings, Fixtures & Appliances",NASDAQ,138.84,93,95,89,84
299,LQDT,Consumer Cyclical,Internet Retail,NASDAQ,138.77,93,73,73,74
300,CMCM,Communication Services,Internet Content & Information,NYSE,138.77,93,90,92,97
301,CURI,Communication Services,Broadcasting,NASDAQ,138.64,93,98,99,92
302,TRUP,Financial Services,Insurance—Specialty,NASDAQ,138.6,93,93,93,60
303,BARK,Consumer Cyclical,Specialty Retail,NYSE,138.55,93,85,84,96
304,CORT,Healthcare,Biotechnology,NASDAQ,138.54,93,97,90,88
305,BLND,Technology,Software—Application,NYSE,138.18,93,98,97,90
306,MTTR,Technology,Software—Application,NASDAQ,138.14,93,89,94,98
307,VRT,Industrials,Electrical Equipment & Parts,NYSE,138.08,93,97,96,98
308,DTM,Energy,Oil & Gas Midstream,NYSE,138.05,93,95,85,88
309,ENTX,Healthcare,Biotechnology,NASDAQ,137.91,93,79,97,98
310,MCS,Communication Services,Entertainment,NYSE,137.74,93,93,66,15
311,CSBR,Healthcare,Biotechnology,NASDAQ,137.6,93,21,25,26
312,GDDY,Technology,Software—Infrastructure,NYSE,137.53,93,91,91,95
313,TGLS,Industrials,Building Products & Equipment,NYSE,137.42,93,92,93,68
314,PWP,Financial Services,Capital Markets,NASDAQ,137.27,93,94,91,92
315,CXW,Real Estate,REIT—Specialty,NYSE,137.06,93,92,29,60
316,JSPR,Healthcare,Biotechnology,NASDAQ,137.02,93,92,95,98
317,LEE,Communication Services,Publishing,NASDAQ,136.99,92,93,19,39
318,FRHC,Financial Services,Capital Markets,NASDAQ,136.86,92,87,77,42
319,BILL,Technology,Software—Application,NYSE,136.7,92,93,15,10
320,KARO,Technology,Software—Application,NASDAQ,136.66,92,87,96,90
321,VCYT,Healthcare,Biotechnology,NASDAQ,136.66,92,90,92,34
322,TEO,Communication Services,Telecom Services,NYSE,136.63,92,95,65,61
323,PEGA,Technology,Software—Application,NASDAQ,136.4,92,88,87,75
324,GSAT,Communication Services,Telecom Services,NYSE MKT,136.34,92,75,24,21
325,BNR,Healthcare,Diagnostics & Research,NASDAQ,136.16,92,13,2,9
326,VIOT,Technology,Consumer Electronics,NASDAQ,136.01,92,91,97,87
327,REAX,Real Estate,Real Estate Services,NASDAQ,135.96,92,93,99,99
328,APO,Financial Services,Asset Management,NYSE,135.92,92,92,74,88
329,KOPN,Technology,Electronic Components,NASDAQ,135.9,92,18,5,5
330,INUV,Communication Services,Advertising Agencies,NYSE MKT,135.75,92,12,24,24
331,CDMO,Healthcare,Biotechnology,NASDAQ,135.59,92,91,93,25
332,HBI,Consumer Cyclical,Apparel Manufacturing,NYSE,135.53,92,93,94,54
333,QH,Technology,Software—Application,NASDAQ,135.51,92,98,98,2
334,GME,Consumer Cyclical,Specialty Retail,NYSE,135.4,92,94,75,97
335,TIL,Healthcare,Biotechnology,NASDAQ,135.32,92,98,99,58
336,AVGO,Technology,Semiconductors,NASDAQ,135.23,92,74,93,96
337,STRL,Industrials,Engineering & Construction,NASDAQ,135.21,92,97,93,92
338,WHLRD,Real Estate,REIT—Retail,NASDAQ,135.07,92,92,91,95
339,WIX,Technology,Software—Infrastructure,NASDAQ,134.97,92,92,87,94
340,CNK,Communication Services,Entertainment,NYSE,134.93,92,94,93,87
341,GCO,Consumer Cyclical,Apparel Retail,NYSE,134.91,92,31,28,19
342,ESQ,Financial Services,Banks—Regional,NASDAQ,134.84,92,88,87,54
343,SQNS,Technology,Semiconductors,NYSE,134.8,92,46,95,7
344,SKIL,Consumer Defensive,Education & Training Services,NYSE,134.63,92,67,69,43
345,MD,Healthcare,Medical Care Facilities,NYSE,134.46,92,93,79,10
346,OPOF,Financial Services,Banks—Regional,NASDAQ,134.44,92,71,66,25
347,PMTS,Financial Services,Credit Services,NASDAQ,134.17,92,75,86,93
348,COMP,Technology,Software—Application,NYSE,134.15,92,96,97,52
349,PLSE,Healthcare,Medical Instruments & Supplies,NASDAQ,134.1,92,87,98,97
350,TEVA,Healthcare,Drug Manufacturers—Specialty & Generic,NYSE,134.1,92,68,89,96
351,TPR,Consumer Cyclical,Luxury Goods,NYSE,133.87,92,88,76,55
352,SYF,Financial Services,Credit Services,NYSE,133.76,92,93,76,90
353,VITL,Consumer Defensive,Farm Products,NASDAQ,133.7,92,86,96,99
354,NVDA,Technology,Semiconductors,NASDAQ,133.69,92,95,97,99
355,ATSG,Industrials,Integrated Freight & Logistics,NASDAQ,133.62,92,90,32,28
356,MMYT,Consumer Cyclical,Travel Services,NASDAQ,133.52,92,93,95,98
357,XERS,Healthcare,Biotechnology,NASDAQ,133.48,92,77,85,41
358,NBN,Financial Services,Banks—Regional,NASDAQ,133.41,92,94,91,86
359,QUAD,Industrials,Specialty Business Services,NYSE,133.26,92,86,19,76
360,AMSC,Industrials,Specialty Industrial Machinery,NASDAQ,133.12,92,98,96,99
361,LRN,Consumer Defensive,Education & Training Services,NYSE,132.99,92,91,90,91
362,USEG,Energy,Oil & Gas E&P,NASDAQ,132.86,92,95,28,34
363,GLBE,Consumer Cyclical,Internet Retail,NASDAQ,132.76,91,92,36,40
364,OMIC,Healthcare,Medical Instruments & Supplies,NASDAQ,132.31,91,98,89,6
365,HWM,Industrials,Specialty Industrial Machinery,NYSE,132.19,91,92,95,93
366,UXIN,Communication Services,Internet Content & Information,NASDAQ,131.94,91,99,26,5
367,AE,Energy,Oil & Gas Integrated,NYSE MKT,131.65,91,91,26,32
368,ONON,Consumer Cyclical,Apparel Retail,NYSE,131.61,91,91,95,86
369,AGYS,Technology,Softwareâ€”Application,NASDAQ,131.6,91,84,81,92
370,UNTY,Financial Services,Banks—Regional,NASDAQ,131.58,91,92,77,70
371,COHR,Technology,Scientific & Technical Instruments,NYSE,131.32,91,96,97,96
372,ALGT,Industrials,Airlines,NASDAQ,131.32,91,89,14,9
373,UPLD,Technology,Software—Application,NASDAQ,131.31,91,68,16,16
374,BLIN,Technology,Software—Infrastructure,NASDAQ,131.28,91,71,79,25
375,CCL,Consumer Cyclical,Travel Services,NYSE,131.25,91,93,54,69
376,CUK,Consumer Cyclical,Leisure,NYSE,131.2,91,93,53,73
377,ENVA,Financial Services,Credit Services,NYSE,131.12,91,94,90,69
378,CEPU,Utilities,Utilities—Regulated Electric,NYSE,131.02,91,94,77,80
379,ALKT,Technology,Softwareâ€”Application,NASDAQ,130.92,91,86,82,95
380,PW,Real Estate,REIT—Specialty,NYSE MKT,130.88,91,76,17,87
381,ELA,Consumer Cyclical,Specialty Retail,NYSE MKT,130.83,91,88,70,28
382,ORLA,Basic Materials,Gold,NYSE MKT,130.75,91,74,58,53
383,GLNG,Energy,Oil & Gas Midstream,NASDAQ,130.61,91,89,90,91
384,OPBK,Financial Services,Banks—Regional,NASDAQ,130.33,91,93,80,45
385,VIRT,Financial Services,Capital Markets,NASDAQ,130.24,91,94,94,76
386,ICCM,Healthcare,Medical Care Facilities,NASDAQ,130.16,91,11,13,10
387,FOX,Communication Services,Broadcasting,NASDAQ,130.15,91,86,86,71
388,IFRX,Healthcare,Biotechnology,NASDAQ,130.02,91,84,18,26
389,FTNT,Technology,Software—Infrastructure,NASDAQ,129.99,91,89,81,33
390,HTLF,Financial Services,Banks—Regional,NASDAQ,129.76,91,94,93,93
391,RBLX,Communication Services,Electronic Gaming & Multimedia,NYSE,129.66,91,75,78,49
392,FTDR,Consumer Cyclical,Personal Services,NASDAQ,129.65,91,90,92,63
393,MTEX,Consumer Defensive,Household & Personal Products,NASDAQ,129.6,91,36,18,14
394,TRGP,Energy,Oil & Gas Midstream,NYSE,129.58,91,96,90,93
395,KODK,Industrials,Specialty Business Services,NYSE,129.56,91,64,34,81
396,SRAD,Technology,Software—Application,NASDAQ,129.46,91,93,64,41
397,YMM,Technology,Software—Application,NYSE,129.28,91,79,77,76
398,GSHD,Financial Services,Insurance—Diversified,NASDAQ,129.26,91,93,88,26
399,STRT,Consumer Cyclical,Auto Parts,NASDAQ,129.22,91,89,95,68
400,SHOP,Technology,Software—Application,NYSE,129.21,91,91,75,41
401,FUNC,Financial Services,Banks—Regional,NASDAQ,129.2,91,91,93,69
402,VCTR,Financial Services,Asset Management,NASDAQ,129.19,91,92,89,90
403,RSSS,Technology,Information Technology Services,NASDAQ,129.09,91,64,46,40
404,PWOD,Financial Services,Banks—Regional,NASDAQ,128.95,91,89,62,39
405,AKBA,Healthcare,Biotechnology,NASDAQ,128.94,91,87,58,18
406,FNKO,Consumer Cyclical,Leisure,NASDAQ,128.91,91,72,94,89
407,EBTC,Financial Services,Banks—Regional,NASDAQ,128.91,91,82,74,28
408,CIFR,Financial Services,Capital Markets,NASDAQ,128.71,90,95,48,89
409,COHN,Financial Services,Capital Markets,NYSE MKT,128.7,90,83,73,94
410,DECK,Consumer Cyclical,Footwear & Accessories,NYSE,128.69,90,76,78,93
411,SKYW,Industrials,Airlines,NASDAQ,128.63,90,95,89,96
412,AVAH,Healthcare,Medical Care Facilities,NASDAQ,128.55,90,96,99,91
413,GKOS,Healthcare,Medical Instruments & Supplies,NYSE,128.54,90,88,87,95
414,GVA,Industrials,Engineering & Construction,NYSE,128.41,90,94,93,89
415,PNRG,Energy,Oil & Gas E&P,NASDAQ,128.38,90,95,84,54
416,PLXS,Technology,Electronic Components,NASDAQ,128.37,90,88,89,59
417,NFLX,Communication Services,Entertainment,NASDAQ,128.36,90,90,86,92
418,EVGO,Consumer Cyclical,Specialty Retail,NASDAQ,128.32,90,97,92,21
419,GCI,Communication Services,Publishing,NYSE,128.23,90,93,97,98
420,NPCE,Healthcare,Medical Devices,NASDAQ,128.23,90,36,13,26
421,COIN,Technology,Software—Application,NASDAQ,128.21,90,94,66,98
422,CNX,Energy,Oil & Gas E&P,NYSE,128.15,90,94,86,76
423,MDIA,Communication Services,Broadcasting,NASDAQ,128.07,90,78,94,99
424,ALTM,Energy,Oil & Gas Midstream,NYSE,128.01,90,86,6,5
425,SNFCA,Financial Services,Credit Services,NASDAQ,127.98,90,92,61,45
426,RNA,Healthcare,Biotechnology,NASDAQ,127.87,90,99,99,99
427,CSV,Consumer Cyclical,Personal Services,NYSE,127.8,90,89,77,49
428,FIX,Industrials,Engineering & Construction,NYSE,127.72,90,95,95,92
429,PRQR,Healthcare,Biotechnology,NASDAQ,127.59,90,96,38,35
430,RERE,Consumer Cyclical,Internet Retail,NYSE,127.52,90,92,73,85
431,BSVN,Financial Services,Banks—Regional,NASDAQ,127.51,90,92,90,85
432,VVOS,Healthcare,Medical Devices,NASDAQ,127.33,90,31,20,4
433,ARGX,Healthcare,Biotechnology,NASDAQ,127.32,90,81,79,62
434,FOXA,Communication Services,Broadcasting,NASDAQ,127.32,90,85,87,68
435,VS,Communication Services,Electronic Gaming & Multimedia,NASDAQ,127.16,90,32,7,11
436,TTMI,Technology,Electronic Components,NASDAQ,127.13,90,84,65,91
437,IHT,Real Estate,REIT—Hotel & Motel,NYSE MKT,127.11,90,87,72,77
438,ALSN,Consumer Cyclical,Auto Parts,NYSE,126.99,90,93,90,77
439,OOMA,Communication Services,Telecom Services,NYSE,126.99,90,90,55,27
440,CVU,Industrials,Aerospace & Defense,NYSE MKT,126.96,90,87,85,19
441,BB,Technology,Software—Infrastructure,NYSE,126.94,90,21,18,12
442,ANET,Technology,Computer Hardware,NYSE,126.92,90,87,92,96
443,ADTN,Technology,Communication Equipment,NASDAQ,126.91,90,90,32,15
444,UPWK,Industrials,Staffing & Employment Services,NASDAQ,126.85,90,84,21,33
445,TEAM,Technology,Software—Application,NASDAQ,126.82,90,89,18,35
446,PLX,Healthcare,Biotechnology,NYSE MKT,126.76,90,89,14,15
447,PTCT,Healthcare,Biotechnology,NASDAQ,126.75,90,88,87,61
448,ADN,Utilities,Utilitiesâ€”Renewable,NASDAQ,126.63,90,95,2,3
449,SSSS,Financial Services,Asset Management,NASDAQ,126.55,90,72,35,65
450,PRCT,Healthcare,Medical Devices,NASDAQ,126.47,90,94,96,96
451,FICO,Technology,Software—Application,NYSE,126.47,90,94,95,95
452,QD,Financial Services,Credit Services,NYSE,126.28,90,79,29,25
453,IMAX,Communication Services,Entertainment,NYSE,126.22,89,84,75,50
454,CRESY,Industrials,Conglomerates,NASDAQ,126.15,89,86,62,52
455,BH,Consumer Cyclical,Restaurants,NYSE,126.07,89,71,29,51
456,WK,Technology,Software—Application,NYSE,125.98,89,60,26,19
457,LGND,Healthcare,Biotechnology,NASDAQ,125.91,89,88,87,83
458,PBI,Industrials,Business Equipment & Supplies,NYSE,125.81,89,91,96,96
459,CIA,Financial Services,Insurance—Life,NYSE,125.75,89,92,85,64
460,PJT,Financial Services,Capital Markets,NYSE,125.6,89,91,89,87
461,MGNI,Communication Services,Advertising Agencies,NASDAQ,125.52,89,90,80,92
462,WKSP,Consumer Cyclical,Auto Parts,NASDAQ,125.52,89,13,2,22
463,CDZI,Utilities,Utilities—Regulated Water,NASDAQ,125.5,89,42,33,54
464,RCG,Financial Services,Asset Management,NYSE MKT,125.47,89,86,80,48
465,MNSO,Consumer Cyclical,Specialty Retail,NYSE,125.47,89,24,12,29
466,AI,Technology,Information Technology Services,NYSE,125.45,89,83,21,49
467,REVG,Industrials,Farm & Heavy Construction Machinery,NYSE,125.37,89,81,84,93
468,CEVA,Technology,Semiconductors,NASDAQ,125.26,89,78,75,22
469,CVLT,Technology,Software—Application,NASDAQ,125.11,89,93,95,96
470,MTLS,Technology,Software—Application,NASDAQ,125.1,89,82,31,20
471,KMI,Energy,Oil & Gas Midstream,NYSE,125.04,89,92,75,78
472,AUPH,Healthcare,Biotechnology,NASDAQ,125.02,89,83,59,19
473,LINC,Consumer Defensive,Education & Training Services,NASDAQ,125.01,89,86,65,91
474,UFCS,Financial Services,Insurance—Property & Casualty,NASDAQ,124.9,89,85,33,46
475,IROQ,Financial Services,Banks—Regional,NASDAQ,124.86,89,79,82,57
476,HAFC,Financial Services,Banks—Regional,NASDAQ,124.77,89,92,55,61
477,WMT,Consumer Defensive,Discount Stores,NYSE,124.75,89,85,87,85
478,AWX,Industrials,Waste Management,NYSE MKT,124.67,89,88,71,34
479,NCSM,Energy,Oil & Gas Equipment & Services,NASDAQ,124.67,89,88,73,51
480,PTVE,Consumer Cyclical,Packaging & Containers,NASDAQ,124.63,89,48,44,61
481,OPY,Financial Services,Capital Markets,NYSE,124.6,89,85,71,87
482,RDNT,Healthcare,Diagnostics & Research,NASDAQ,124.59,89,95,95,97
483,AAON,Industrials,Building Products & Equipment,NASDAQ,124.59,89,94,90,82
484,IAG,Basic Materials,Gold,NYSE,124.57,89,93,97,91
485,USAU,Basic Materials,Gold,NASDAQ,124.45,89,95,89,90
486,FXNC,Financial Services,Banks—Regional,NASDAQ,124.44,89,81,50,29
487,SHAK,Consumer Cyclical,Restaurants,NYSE,124.41,89,83,86,63
488,SYBT,Financial Services,Banks—Regional,NASDAQ,124.33,89,89,84,69
489,CHWY,Consumer Cyclical,Internet Retail,NYSE,124.31,89,95,89,87
490,OSPN,Technology,Software—Infrastructure,NASDAQ,124.26,89,88,89,59
491,ACIW,Technology,Softwareâ€”Infrastructure,NASDAQ,124.24,89,92,94,93
492,FSFG,Financial Services,Banks—Regional,NASDAQ,124.08,89,93,92,82
493,DCOM,Financial Services,Banks—Regional,NASDAQ,124.08,89,94,88,62
494,DFS,Financial Services,Credit Services,NYSE,124.0,89,91,76,82
495,CTLP,Technology,Information Technology Services,NASDAQ,123.91,89,82,48,39
496,FARO,Technology,Scientific & Technical Instruments,NASDAQ,123.84,89,87,46,26
497,URBN,Consumer Cyclical,Apparel Retail,NASDAQ,123.77,89,34,33,78
498,ITIC,Financial Services,Insurance—Specialty,NASDAQ,123.75,88,93,90,79
499,EME,Industrials,Engineering & Construction,NYSE,123.74,88,94,94,94
500,THTX,Healthcare,Drug Manufacturers—Specialty & Generic,NASDAQ,123.73,88,21,12,15
501,PPIH,Industrials,Building Products & Equipment,NASDAQ,123.73,88,95,92,46
502,RAVE,Consumer Cyclical,Restaurants,NASDAQ,123.72,88,90,34,26
503,TSEM,Technology,Semiconductors,NASDAQ,123.7,88,82,88,88
504,UCL,Communication Services,Telecom Services,NASDAQ,123.69,88,16,11,37
505,OPRT,Financial Services,Credit Services,NASDAQ,123.63,88,38,18,15
506,FRSX,Consumer Cyclical,Auto Parts,NASDAQ,123.51,88,8,6,12
507,RBBN,Communication Services,Telecom Services,NASDAQ,123.51,88,82,44,72
508,ETR,Utilities,Utilities—Regulated Electric,NYSE,123.47,88,88,86,69
509,KKR,Financial Services,Asset Management,NYSE,123.47,88,93,93,93
510,EVBN,Financial Services,Banks—Regional,NYSE MKT,123.45,88,90,88,53
511,GH,Healthcare,Diagnostics & Research,NASDAQ,123.41,88,77,20,78
512,UNM,Financial Services,Insurance—Life,NYSE,123.38,88,91,67,52
513,ITRM,Healthcare,Biotechnology,NASDAQ,123.33,88,81,25,27
514,LEU,Energy,Uranium,NYSE MKT,123.29,88,96,66,33
515,CARG,Communication Services,Internet Content & Information,NASDAQ,123.28,88,88,83,80
516,MSB,Basic Materials,Steel,NYSE,123.26,88,90,85,31
517,AAL,Industrials,Airlines,NASDAQ,123.26,88,66,26,17
518,DASH,Communication Services,Internet Content & Information,NASDAQ,123.23,88,91,89,63
519,MLI,Industrials,Metal Fabrication,NYSE,123.21,88,93,92,86
520,FHN,Financial Services,Banks—Regional,NYSE,123.17,88,87,57,86
521,ALHC,Healthcare,Healthcare Plans,NASDAQ,123.13,88,92,95,92
522,STEP,Financial Services,Asset Management,NASDAQ,123.05,88,94,94,95
523,ATEN,Technology,Software—Infrastructure,NYSE,122.95,88,73,38,45
524,LPLA,Financial Services,Capital Markets,NASDAQ,122.9,88,82,23,78
525,NWL,Consumer Defensive,Household & Personal Products,NASDAQ,122.89,88,70,34,16
526,VERA,Healthcare,Biotechnology,NASDAQ,122.88,88,94,97,97
527,HWKN,Basic Materials,Specialty Chemicals,NASDAQ,122.74,88,90,95,92
528,EXEL,Healthcare,Biotechnology,NASDAQ,122.7,88,91,63,43
529,REPL,Healthcare,Biotechnology,NASDAQ,122.61,88,82,69,24
530,RH,Consumer Cyclical,Specialty Retail,NYSE,122.59,88,79,79,24
531,Z,Communication Services,Internet Content & Information,NASDAQ,122.57,88,95,87,31
532,ISTR,Financial Services,Banks—Regional,NASDAQ,122.52,88,92,87,78
533,AXR,Real Estate,Real Estate Services,NYSE,122.51,88,95,93,31
534,NGS,Energy,Oil & Gas Equipment & Services,NYSE,122.5,88,90,42,89
535,PAHC,Healthcare,Drug Manufacturers—Specialty & Generic,NASDAQ,122.45,88,91,95,89
536,ZYME,Healthcare,Biotechnology,NASDAQ,122.33,88,82,92,42
537,NWPX,Industrials,Metal Fabrication,NASDAQ,122.26,88,93,86,53
538,MNKD,Healthcare,Biotechnology,NASDAQ,122.13,88,92,90,83
539,BMRC,Financial Services,Banks—Regional,NASDAQ,122.12,88,89,63,39
540,EXLS,Technology,Information Technology Services,NASDAQ,122.06,88,88,78,56
541,MTZ,Industrials,Engineering & Construction,NYSE,122.05,88,94,90,78
542,ATHE,Healthcare,Biotechnology,NASDAQ,122.0,88,8,6,21
543,GRMN,Technology,Scientific & Technical Instruments,NYSE,121.97,87,86,84,90
544,TTP,Financial Services,Asset Management,NYSE,121.79,87,92,87,83
545,IOR,Financial Services,Mortgage Finance,NYSE MKT,121.76,87,79,77,93
546,PLNT,Consumer Cyclical,Leisure,NYSE,121.71,87,88,84,80
547,TENX,Healthcare,Biotechnology,NASDAQ,121.64,87,44,9,2
548,BWAY,Healthcare,Medical Devices,NASDAQ,121.54,87,92,94,93
549,GTLS,Industrials,Specialty Industrial Machinery,NYSE,121.4,87,82,17,33
550,OSS,Technology,Computer Hardware,NASDAQ,121.39,87,50,24,26
551,GENI,Communication Services,Internet Content & Information,NYSE,121.37,87,86,92,36
552,NOW,Technology,Software—Application,NYSE,121.33,87,85,80,84
553,ATGE,Consumer Defensive,Education & Training Services,NYSE,121.23,87,88,86,94
554,DJCO,Communication Services,Publishing,NASDAQ,121.22,87,90,89,87
555,DLNG,Energy,Oil & Gas Midstream,NYSE,121.13,87,78,74,93
556,BILI,Communication Services,Electronic Gaming & Multimedia,NASDAQ,120.98,87,89,95,85
557,OSW,Consumer Cyclical,Leisure,NASDAQ,120.98,87,83,76,86
558,ANGO,Healthcare,Medical Instruments & Supplies,NASDAQ,120.74,87,43,64,17
559,FINV,Financial Services,Credit Services,NYSE,120.74,87,78,80,53
560,GATO,Basic Materials,Other Precious Metals & Mining,NYSE,120.67,87,96,98,97
561,FOUR,Technology,Software—Infrastructure,NYSE,120.64,87,91,82,71
562,NWG,Financial Services,Banks—Diversified,NYSE,120.61,87,89,90,90
563,CDNA,Healthcare,Diagnostics & Research,NASDAQ,120.54,87,92,99,97
564,MDU,Basic Materials,Building Materials,NYSE,120.36,87,91,74,75
565,FLEX,Technology,Electronic Components,NASDAQ,120.25,87,89,88,86
566,STOK,Healthcare,Biotechnology,NASDAQ,120.25,87,86,95,97
567,SENEA,Consumer Defensive,Packaged Foods,NASDAQ,120.17,87,81,61,85
568,ZG,Communication Services,Internet Content & Information,NASDAQ,120.15,87,94,87,30
569,EQC,Real Estate,REIT—Office,NYSE,120.06,87,44,41,47
570,LXEH,Consumer Defensive,Education & Training Services,NASDAQ,120.05,87,3,5,9
571,PIPR,Financial Services,Capital Markets,NYSE,120.05,87,93,92,93
572,SLM,Financial Services,Credit Services,NASDAQ,120.01,87,80,72,79
573,GMED,Healthcare,Medical Devices,NYSE,120.0,87,87,76,88
574,FUSB,Financial Services,Banks—Regional,NASDAQ,119.81,87,78,84,58
575,BLFS,Healthcare,Medical Instruments & Supplies,NASDAQ,119.78,87,78,87,83
576,AXS,Financial Services,Insurance—Property & Casualty,NYSE,119.76,87,82,82,83
577,LYV,Communication Services,Entertainment,NYSE,119.62,87,90,67,50
578,DORM,Consumer Cyclical,Auto Parts,NASDAQ,119.61,87,91,85,58
579,EVR,Financial Services,Capital Markets,NYSE,119.54,87,92,92,91
580,MNOV,Healthcare,Biotechnology,NASDAQ,119.52,87,89,77,19
581,RIGL,Healthcare,Biotechnology,NASDAQ,119.42,87,98,93,10
582,EAF,Industrials,Electrical Equipment & Parts,NYSE,119.39,87,94,11,3
583,FISI,Financial Services,Banks—Regional,NASDAQ,119.35,87,86,89,72
584,DAL,Industrials,Airlines,NYSE,119.34,87,92,73,66
585,VNO,Real Estate,REIT—Office,NYSE,119.3,87,92,93,61
586,OLLI,Consumer Defensive,Discount Stores,NASDAQ,119.25,87,48,69,93
587,CFFI,Financial Services,Banks—Regional,NASDAQ,119.25,87,87,63,23
588,HWBK,Financial Services,Banks—Regional,NASDAQ,119.19,86,90,84,52
589,MTSI,Technology,Semiconductors,NASDAQ,119.18,86,85,67,89
590,VFC,Consumer Cyclical,Apparel Manufacturing,NYSE,119.15,86,69,80,19
591,CSWI,Industrials,Specialty Industrial Machinery,NASDAQ,119.09,86,94,95,91
592,VNET,Technology,Information Technology Services,NASDAQ,119.07,86,98,96,32
593,RYAM,Basic Materials,Chemicals,NYSE,118.93,86,95,98,88
594,TSM,Technology,Semiconductors,NYSE,118.91,86,85,93,96
595,ALLK,Healthcare,Biotechnology,NASDAQ,118.9,86,16,2,3
596,LWAY,Consumer Defensive,Packaged Foods,NASDAQ,118.8,86,92,98,65
597,NCLH,Consumer Cyclical,Travel Services,NYSE,118.8,86,94,58,35
598,ELSE,Technology,Scientific & Technical Instruments,NASDAQ,118.75,86,49,30,42
599,WSM,Consumer Cyclical,Specialty Retail,NYSE,118.68,86,88,85,94
600,OWL,Financial Services,Asset Management,NYSE,118.64,86,89,69,80
601,MCY,Financial Services,Insurance—Property & Casualty,NYSE,118.63,86,90,94,93
602,CLIR,Industrials,Pollution & Treatment Controls,NASDAQ,118.63,86,73,26,19
603,MASI,Healthcare,Medical Instruments & Supplies,NASDAQ,118.58,86,90,65,33
604,CIVB,Financial Services,Banks—Regional,NASDAQ,118.56,86,90,60,38
605,PSTG,Technology,Computer Hardware,NYSE,118.52,86,43,51,95
606,FUTU,Financial Services,Capital Markets,NASDAQ,118.5,86,86,90,88
607,TG,Basic Materials,Specialty Chemicals,NYSE,118.34,86,83,87,17
608,LINK,Technology,Electronic Components,NASDAQ,118.3,86,21,7,6
609,USM,Communication Services,Telecom Services,NYSE,118.27,86,89,82,97
610,PLMR,Financial Services,Insurance—Property & Casualty,NASDAQ,118.24,86,85,91,89
611,TTD,Technology,Software—Application,NASDAQ,118.21,86,89,83,86
612,CHEF,Consumer Defensive,Food Distribution,NASDAQ,118.14,86,73,87,90
613,BV,Industrials,Specialty Business Services,NYSE,118.13,86,91,93,93
614,FWONK,Communication Services,Broadcasting,NASDAQ,118.12,86,68,68,61
615,ZLAB,Healthcare,Biotechnology,NASDAQ,118.06,86,75,66,23
616,HIMX,Technology,Semiconductors,NASDAQ,118.03,86,26,23,92
617,BCS,Financial Services,Banks—Diversified,NYSE,118.01,86,87,90,90
618,TASK,Technology,Information Technology Services,NASDAQ,118.0,86,57,37,81
619,PRDO,Consumer Defensive,Education & Training Services,NASDAQ,117.96,86,81,64,89
620,ESLT,Industrials,Aerospace & Defense,NASDAQ,117.94,86,71,37,28
621,CAAS,Consumer Cyclical,Auto Parts,NASDAQ,117.94,86,86,86,34
622,MDXG,Healthcare,Medical Devices,NASDAQ,117.93,86,75,12,36
623,BCOW,Financial Services,Banks—Regional,NASDAQ,117.79,86,81,83,73
624,BOOT,Consumer Cyclical,Apparel Retail,NYSE,117.77,86,80,96,95
625,CZWI,Financial Services,Banks—Regional,NASDAQ,117.76,86,80,83,64
626,ERJ,Industrials,Aerospace & Defense,NYSE,117.72,86,93,97,93
627,AROC,Energy,Oil & Gas Equipment & Services,NYSE,117.7,86,89,72,93
628,TBBK,Financial Services,Banks—Regional,NASDAQ,117.64,86,81,91,76
629,RL,Consumer Cyclical,Apparel Manufacturing,NYSE,117.53,86,79,83,82
630,PGC,Financial Services,Banks—Regional,NASDAQ,117.52,86,88,51,28
631,NECB,Financial Services,Banks—Regional,NASDAQ,117.46,86,92,94,76
632,FWONA,Communication Services,Broadcasting,NASDAQ,117.44,86,70,73,59
633,CFBK,Financial Services,Banks—Regional,NASDAQ,117.4,85,89,72,55
634,VCEL,Healthcare,Biotechnology,NASDAQ,117.39,85,74,43,72
635,MWA,Industrials,Specialty Industrial Machinery,NYSE,117.32,85,89,89,86
636,HCTI,Healthcare,Health Information Services,NASDAQ,117.29,85,69,3,0
637,GLAD,Financial Services,Asset Management,NASDAQ,117.25,85,78,63,86
638,BBSI,Industrials,Staffing & Employment Services,NASDAQ,117.2,85,83,79,86
639,SEER,Healthcare,Biotechnology,NASDAQ,117.19,85,87,30,16
640,FVRR,Communication Services,Internet Content & Information,NYSE,117.16,85,78,47,31
641,SUM,Basic Materials,Building Materials,NYSE,117.12,85,80,45,35
642,IDT,Communication Services,Telecom Services,NYSE,117.1,85,87,74,84
643,BAM,Financial Services,Asset Management,NYSE,117.08,85,89,81,59
644,CHCI,Real Estate,Real Estate—Diversified,NASDAQ,117.07,85,94,97,89
645,NET,Technology,Software—Infrastructure,NYSE,117.02,85,78,40,69
646,BKNG,Consumer Cyclical,Travel Services,NASDAQ,116.98,85,90,71,82
647,GPI,Consumer Cyclical,Auto & Truck Dealerships,NYSE,116.83,85,81,85,61
648,HIFS,Financial Services,Banks—Regional,NASDAQ,116.82,85,88,85,47
649,OMCL,Healthcare,Health Information Services,NASDAQ,116.82,85,73,86,12
650,AXP,Financial Services,Credit Services,NYSE,116.77,85,83,88,87
651,ULCC,Industrials,Airlines,NASDAQ,116.73,85,78,23,16
652,PCYO,Utilities,Utilities—Regulated Water,NASDAQ,116.7,85,86,53,37
653,KTB,Consumer Cyclical,Apparel Manufacturing,NYSE,116.65,85,83,91,88
654,SBFG,Financial Services,Banks—Regional,NASDAQ,116.63,85,86,90,50
655,CW,Industrials,Specialty Industrial Machinery,NYSE,116.61,85,86,88,86
656,SFST,Financial Services,Banks—Regional,NASDAQ,116.58,85,87,52,46
657,DYAI,Healthcare,Biotechnology,NASDAQ,116.54,85,46,8,19
658,GAIA,Communication Services,Internet Content & Information,NASDAQ,116.47,85,95,94,96
659,MMLP,Energy,Oil & Gas Midstream,NASDAQ,116.46,85,84,81,90
660,HSII,Industrials,Staffing & Employment Services,NASDAQ,116.46,85,88,81,72
661,CBNK,Financial Services,Banks—Regional,NASDAQ,116.45,85,79,75,47
662,AOSL,Technology,Semiconductors,NASDAQ,116.44,85,89,84,94
663,EFSC,Financial Services,Banks—Regional,NASDAQ,116.43,85,86,81,53
664,WMB,Energy,Oil & Gas Midstream,NYSE,116.42,85,91,68,80
665,MDGL,Healthcare,Biotechnology,NASDAQ,116.41,85,88,26,89
666,HCKT,Technology,Information Technology Services,NASDAQ,116.38,85,78,65,38
667,FFIV,Technology,Software—Infrastructure,NASDAQ,116.38,85,82,82,46
668,PTGX,Healthcare,Biotechnology,NASDAQ,116.36,85,89,96,95
669,MCB,Financial Services,Banks—Regional,NYSE,116.27,85,88,77,77
670,WFC,Financial Services,Banks—Diversified,NYSE,116.22,85,87,49,87
671,GBX,Industrials,Railroads,NYSE,116.07,85,89,48,61
672,GS,Financial Services,Capital Markets,NYSE,116.07,85,87,81,88
673,GWRE,Technology,Software—Application,NYSE,115.99,85,93,94,93
674,FORTY,Technology,Information Technology Services,NASDAQ,115.99,85,70,35,81
675,AGMH,Technology,Softwareâ€”Application,NASDAQ,115.99,85,84,94,1
676,TMP,Financial Services,Banks—Regional,NYSE MKT,115.97,85,87,57,36
677,EXK,Basic Materials,Silver,NYSE,115.97,85,96,95,94
678,CASH,Financial Services,Banks—Regional,NASDAQ,115.97,85,88,78,81
679,AVO,Consumer Defensive,Farm Products,NASDAQ,115.92,84,75,81,31
680,ARES,Financial Services,Asset Management,NYSE,115.92,84,82,83,83
681,BK,Financial Services,Asset Management,NYSE,115.86,84,85,89,85
682,AMBA,Technology,Semiconductor Equipment & Materials,NASDAQ,115.85,84,64,44,42
683,AKR,Real Estate,REITâ€”Retail,NYSE,115.85,84,88,90,82
684,QCRH,Financial Services,Banks—Regional,NASDAQ,115.85,84,90,82,76
685,RBCAA,Financial Services,Banks—Regional,NASDAQ,115.84,84,86,80,72
686,SF,Financial Services,Capital Markets,NYSE,115.81,84,90,80,85
687,EXPE,Consumer Cyclical,Travel Services,NASDAQ,115.75,84,87,69,45
688,FDP,Consumer Defensive,Farm Products,NYSE,115.73,84,84,78,27
689,IBCP,Financial Services,Banks—Regional,NASDAQ,115.73,84,88,89,88
690,QNST,Communication Services,Advertising Agencies,NASDAQ,115.67,84,88,88,91
691,YUMC,Consumer Cyclical,Restaurants,NYSE,115.64,84,75,66,10
692,WH,Consumer Cyclical,Lodging,NYSE,115.62,84,76,50,46
693,JBT,Industrials,Specialty Industrial Machinery,NYSE,115.58,84,73,32,27
694,CRAI,Industrials,Consulting Services,NASDAQ,115.53,84,87,84,95
695,ZETA,Technology,Software—Application,NYSE,115.52,84,91,99,98
696,EVRI,Consumer Cyclical,Gambling,NYSE,115.5,84,80,86,13
697,BRBR,Consumer Defensive,Packaged Foods,NYSE,115.48,84,85,65,85
698,GLDD,Industrials,Engineering & Construction,NASDAQ,115.47,84,88,81,59
699,NTG,Financial Services,Asset Management,NYSE,115.44,84,90,76,80
700,BOTJ,Financial Services,Banks—Regional,NASDAQ,115.43,84,76,86,65
701,VICR,Technology,Electronic Components,NASDAQ,115.42,84,89,44,15
702,K,Consumer Defensive,Packaged Foods,NYSE,115.38,84,78,92,48
703,FCNCA,Financial Services,Banks—Regional,NASDAQ,115.36,84,84,75,83
704,SASR,Financial Services,Banks—Regional,NASDAQ,115.31,84,90,85,62
705,LARK,Financial Services,Banks—Regional,NASDAQ,115.3,84,65,46,46
706,UVSP,Financial Services,Banks—Regional,NASDAQ,115.28,84,84,84,82
707,CAKE,Consumer Cyclical,Restaurants,NASDAQ,115.28,84,76,69,71
708,COF,Financial Services,Credit Services,NYSE,115.23,84,87,69,78
709,PNFP,Financial Services,Banks—Regional,NASDAQ,115.19,84,89,76,69
710,BHR,Real Estate,REIT—Hotel & Motel,NYSE,115.18,84,84,92,58
711,WLDN,Industrials,Engineering & Construction,NASDAQ,115.17,84,91,95,89
712,UBFO,Financial Services,Banks—Regional,NASDAQ,115.17,84,73,61,42
713,PPC,Consumer Defensive,Packaged Foods,NASDAQ,115.12,84,91,90,93
714,NRIM,Financial Services,Banks—Regional,NASDAQ,115.12,84,91,88,87
715,CPF,Financial Services,Banks—Regional,NYSE,115.08,84,91,93,85
716,BHE,Technology,Electronic Components,NYSE,115.07,84,85,92,94
717,ZM,Technology,Software—Application,NASDAQ,114.99,84,72,47,27
718,PYPL,Financial Services,Credit Services,NASDAQ,114.93,84,82,86,34
719,MGTX,Healthcare,Biotechnology,NASDAQ,114.93,84,71,17,11
720,CODA,Industrials,Aerospace & Defense,NASDAQ,114.87,84,89,76,30
721,SATS,Technology,Communication Equipment,NASDAQ,114.74,84,92,95,82
722,B,Industrials,Specialty Industrial Machinery,NYSE,114.69,84,82,48,77
723,UIS,Technology,Information Technology Services,NYSE,114.65,84,91,85,30
724,ERIC,Technology,Communication Equipment,NASDAQ,114.6,83,84,89,79
725,FBK,Financial Services,Banks—Regional,NYSE,114.54,83,87,84,81
726,NEXT,Energy,Oil & Gas E&P,NASDAQ,114.54,83,86,14,94
727,RJF,Financial Services,Capital Markets,NYSE,114.52,83,87,43,63
728,UMBF,Financial Services,Banks—Regional,NASDAQ,114.51,83,88,86,76
729,CRM,Technology,Software—Application,NYSE,114.49,83,77,53,52
730,SHBI,Financial Services,Banks—Regional,NASDAQ,114.48,83,80,70,45
731,NCMI,Communication Services,Advertising Agencies,NASDAQ,114.36,83,78,94,47
732,BANR,Financial Services,Banks—Regional,NASDAQ,114.33,83,91,80,67
733,COFS,Financial Services,Banks—Regional,NASDAQ,114.31,83,85,67,83
734,TOUR,Consumer Cyclical,Travel Services,NASDAQ,114.29,83,63,57,42
735,SMBK,Financial Services,Banks—Regional,NYSE,114.28,83,90,79,70
736,CLPR,Real Estate,REIT—Diversified,NYSE,114.27,83,62,79,16
737,BSRR,Financial Services,Banks—Regional,NASDAQ,114.24,83,89,89,82
738,RSVRW,Communication Services,Entertainment,NASDAQ,114.24,83,71,16,16
739,EWBC,Financial Services,Banks—Diversified,NASDAQ,114.21,83,90,74,80
740,VSEC,Industrials,Aerospace & Defense,NASDAQ,114.18,83,90,57,93
741,HLI,Financial Services,Capital Markets,NYSE,114.1,83,88,83,80
742,SGRP,Industrials,Specialty Business Services,NASDAQ,114.1,83,94,97,98
743,CXDO,Communication Services,Telecom Services,NASDAQ,114.09,83,76,90,60
744,GLW,Technology,Electronic Components,NYSE,114.06,83,85,88,84
745,STKL,Consumer Defensive,Packaged Foods,NASDAQ,114.02,83,84,88,47
746,ET,Energy,Oil & Gas Midstream,NYSE,113.97,83,80,55,82
747,JXN,Financial Services,Asset Management,NYSE,113.95,83,92,95,97
748,BLDE,Industrials,Airports & Air Services,NASDAQ,113.95,83,41,24,56
749,PRLB,Industrials,Metal Fabrication,NYSE,113.94,83,69,24,30
750,PODD,Healthcare,Medical Devices,NASDAQ,113.93,83,90,79,56
751,ODC,Basic Materials,Specialty Chemicals,NYSE,113.92,83,41,39,35
752,WTTR,Energy,Oil & Gas Equipment & Services,NYSE,113.88,83,91,67,87
753,SNEX,Financial Services,Capital Markets,NASDAQ,113.87,83,88,65,80
754,OPRA,Technology,Software—Infrastructure,NASDAQ,113.83,83,88,38,28
755,MS,Financial Services,Capital Markets,NYSE,113.83,83,90,61,72
756,BKE,Consumer Cyclical,Apparel Retail,NYSE,113.78,83,72,69,47
757,PDCO,Healthcare,Medical Distribution,NASDAQ,113.76,83,13,16,22
758,PBHC,Financial Services,Banks—Regional,NASDAQ,113.71,83,81,76,45
759,MGYR,Financial Services,Banks—Regional,NASDAQ,113.68,83,66,62,58
760,ALDX,Healthcare,Biotechnology,NASDAQ,113.62,83,74,92,11
761,CFLT,Technology,Software—Infrastructure,NASDAQ,113.58,83,77,9,49
762,BLX,Financial Services,Banks—Regional,NYSE,113.55,83,72,78,88
763,DMRC,Technology,Information Technology Services,NASDAQ,113.54,83,43,19,59
764,JHG,Financial Services,Asset Management,NYSE,113.54,83,87,82,84
765,CVBF,Financial Services,Banks—Regional,NASDAQ,113.51,83,84,38,60
766,OSIS,Technology,Electronic Components,NASDAQ,113.5,83,70,52,61
767,MLR,Consumer Cyclical,Auto Parts,NYSE,113.49,82,80,80,88
768,SFBC,Financial Services,Banks—Regional,NASDAQ,113.49,82,80,88,72
769,VIST,Energy,Oil & Gas E&P,NYSE,113.49,82,78,76,93
770,SCWX,Technology,Software—Infrastructure,NASDAQ,113.44,82,74,69,58
771,GTES,Industrials,Specialty Industrial Machinery,NYSE,113.36,82,85,74,65
772,ICUI,Healthcare,Medical Instruments & Supplies,NASDAQ,113.23,82,90,94,50
773,IP,Consumer Cyclical,Packaging & Containers,NYSE,113.21,82,90,84,85
774,XPEV,Consumer Cyclical,Auto Manufacturers,NYSE,113.21,82,84,80,13
775,SLNG,Energy,Oil & Gas Integrated,NASDAQ,113.2,82,55,64,29
776,ESP,Industrials,Electrical Equipment & Parts,NYSE MKT,113.15,82,84,79,71
777,CBRE,Real Estate,Real Estate Services,NYSE,113.15,82,85,90,46
778,HUBS,Technology,Software—Application,NYSE,113.11,82,85,27,56
779,FSTR,Industrials,Railroads,NASDAQ,113.08,82,77,22,43
780,CENX,Basic Materials,Aluminum,NASDAQ,113.06,82,96,88,97
781,SAP,Technology,Software—Application,NYSE,113.04,82,73,87,88
782,LIND,Consumer Cyclical,Travel Services,NASDAQ,113.04,82,88,35,63
783,MCHX,Communication Services,Advertising Agencies,NASDAQ,113.03,82,52,84,37
784,CFR,Financial Services,Banks—Regional,NYSE,113.02,82,83,58,42
785,HFWA,Financial Services,Banks—Regional,NASDAQ,112.95,82,83,72,50
786,SQ,Technology,Software—Infrastructure,NYSE,112.94,82,87,41,44
787,MIRM,Healthcare,Biotechnology,NASDAQ,112.93,82,82,82,87
788,GBCI,Financial Services,Banks—Regional,NYSE,112.89,82,91,81,68
789,BANF,Financial Services,Banks—Regional,NASDAQ,112.84,82,82,68,46
790,ELLO,Utilities,Utilities—Renewable,NYSE MKT,112.83,82,70,20,19
791,INBK,Financial Services,Banks—Regional,NASDAQ,112.8,82,87,89,89
792,RSVR,Communication Services,Entertainment,NASDAQ,112.77,82,74,45,72
793,CRVL,Financial Services,Insurance Brokers,NASDAQ,112.7,82,83,86,77
794,CBAN,Financial Services,Banks—Regional,NYSE,112.68,82,87,86,79
795,NRG,Utilities,Utilities—Independent Power Producers,NYSE,112.66,82,90,94,96
796,ULH,Industrials,Trucking,NASDAQ,112.6,82,85,83,92
797,KGC,Basic Materials,Gold,NYSE,112.57,82,90,94,94
798,EXTR,Technology,Communication Equipment,NASDAQ,112.54,82,61,35,20
799,TGNA,Communication Services,Broadcasting,NYSE,112.51,82,77,46,31
800,PLBC,Financial Services,Banks—Regional,NASDAQ,112.44,82,77,48,39
801,SABR,Technology,Information Technology Services,NASDAQ,112.42,82,68,69,19
802,MOD,Consumer Cyclical,Auto Parts,NYSE,112.42,82,93,97,98
803,BCML,Financial Services,Banks—Regional,NASDAQ,112.4,82,79,65,54
804,BX,Financial Services,Asset Management,NYSE,112.37,82,92,81,66
805,KYN,Financial Services,Asset Management,NYSE,112.37,82,90,77,85
806,CNTY,Consumer Cyclical,Resorts & Casinos,NASDAQ,112.35,82,92,10,7
807,AAPL,Technology,Consumer Electronics,NASDAQ,112.28,82,61,73,86
808,ROIC,Real Estate,REIT—Retail,NASDAQ,112.26,82,78,74,40
809,SNV,Financial Services,Banks—Regional,NYSE,112.23,82,89,74,84
810,CNDT,Technology,Information Technology Services,NASDAQ,112.22,82,45,59,42
811,FBMS,Financial Services,Banks—Regional,NYSE,112.2,82,83,74,50
812,WOOF,Consumer Cyclical,Specialty Retail,NASDAQ,112.19,82,82,91,56
813,CTBI,Financial Services,Banks—Regional,NASDAQ,112.17,82,85,72,75
814,ISRG,Healthcare,Medical Instruments & Supplies,NASDAQ,112.16,81,84,85,88
815,LYTS,Technology,Electronic Components,NASDAQ,112.15,81,85,47,44
816,TYG,Financial Services,Asset Management,NYSE,112.11,81,87,76,77
817,SSRM,Basic Materials,Gold,NASDAQ,112.11,81,41,39,7
818,BRKL,Financial Services,Banks—Regional,NASDAQ,112.05,81,80,59,36
819,UTHR,Healthcare,Biotechnology,NASDAQ,112.04,81,83,90,92
820,MLSS,Healthcare,Medical Instruments & Supplies,NYSE MKT,111.98,81,21,89,30
821,KEN,Utilities,Utilities—Regulated Electric,NYSE,111.95,81,75,83,77
822,LAZ,Financial Services,Capital Markets,NYSE,111.94,81,89,89,68
823,WIMI,Communication Services,Advertising Agencies,NASDAQ,111.94,81,27,59,52
824,CLMT,Energy,Oil & Gas E&P,NASDAQ,111.9,81,68,38,40
825,FCCO,Financial Services,Banks—Regional,NASDAQ,111.9,81,84,75,37
826,GB,Technology,Information Technology Services,NYSE,111.9,81,82,37,38
827,CRTO,Communication Services,Advertising Agencies,NASDAQ,111.89,81,48,77,85
828,RVMD,Healthcare,Biotechnology,NASDAQ,111.89,81,95,86,89
829,CBU,Financial Services,Banks—Regional,NYSE,111.88,81,86,78,52
830,PDLB,Financial Services,Banks—Regional,NASDAQ,111.85,81,79,83,68
831,XPO,Industrials,Integrated Freight & Logistics,NYSE,111.82,81,84,67,86
832,KTOS,Industrials,Aerospace & Defense,NASDAQ,111.82,81,76,80,83
833,RDCM,Communication Services,Telecom Services,NASDAQ,111.8,81,77,51,46
834,TRMB,Technology,Scientific & Technical Instruments,NASDAQ,111.79,81,81,53,46
835,ZBRA,Technology,Communication Equipment,NASDAQ,111.79,81,81,86,74
836,DDOG,Technology,Software—Application,NASDAQ,111.78,81,69,33,84
837,AMZN,Consumer Cyclical,Internet Retail,NASDAQ,111.75,81,65,66,90
838,COLB,Financial Services,Banks—Regional,NASDAQ,111.73,81,90,84,47
839,RBKB,Financial Services,Banks—Regional,NASDAQ,111.72,81,74,64,54
840,OCUL,Healthcare,Biotechnology,NASDAQ,111.69,81,93,96,89
841,PWR,Industrials,Engineering & Construction,NYSE,111.69,81,87,83,76
842,AMAL,Financial Services,Banksâ€”Regional,NASDAQ,111.66,81,87,85,90
843,AX,Financial Services,Banks—Regional,NYSE,111.65,81,91,78,88
844,FYBR,Communication Services,Telecom Services,NASDAQ,111.48,81,85,95,88
845,LU,Financial Services,Credit Services,NYSE,111.45,81,79,94,96
846,TALK,Healthcare,Medical Care Facilities,NASDAQ,111.45,81,92,17,43
847,SFBS,Financial Services,Banks—Regional,NYSE,111.45,81,88,82,73
848,TGI,Industrials,Aerospace & Defense,NYSE,111.44,81,89,33,89
849,HRI,Industrials,Rental & Leasing Services,NYSE,111.43,81,92,61,33
850,SMID,Basic Materials,Building Materials,NASDAQ,111.42,81,81,70,25
851,CM,Financial Services,Banks—Diversified,NYSE,111.42,81,87,89,68
852,FMAO,Financial Services,Banks—Regional,NASDAQ,111.39,81,90,79,70
853,UNIT,Real Estate,REIT—Specialty,NASDAQ,111.36,81,82,89,5
854,WAB,Industrials,Railroads,NYSE,111.36,81,83,87,86
855,TYL,Technology,Software—Application,NYSE,111.35,81,71,85,87
856,TMUS,Communication Services,Telecom Services,NASDAQ,111.34,81,84,80,80
857,AIRG,Technology,Communication Equipment,NASDAQ,111.32,81,96,95,86
858,ORCL,Technology,Software—Infrastructure,NYSE,111.29,81,92,89,86
859,EGBN,Financial Services,Banks—Regional,NASDAQ,111.23,80,84,43,25
860,HBNC,Financial Services,Banks—Regional,NASDAQ,111.22,80,89,81,68
861,COCP,Healthcare,Biotechnology,NASDAQ,111.22,80,73,24,92
862,CAC,Financial Services,Banks—Regional,NASDAQ,111.19,80,85,79,68
863,NRIX,Healthcare,Biotechnology,NASDAQ,111.18,80,95,97,98
864,HQY,Healthcare,Health Information Services,NASDAQ,111.16,80,85,35,82
865,TCMD,Healthcare,Medical Devices,NASDAQ,111.16,80,66,46,12
866,AMP,Financial Services,Asset Management,NYSE,111.15,80,86,72,78
867,BELFB,Technology,Electronic Components,NASDAQ,111.13,80,76,86,73
868,CNO,Financial Services,Insurance—Life,NYSE,111.13,80,84,84,70
869,KAR,Consumer Cyclical,Specialty Retail,NYSE,111.12,80,71,41,59
870,CDZIP,Utilities,Utilities—Regulated Water,NASDAQ,111.09,80,68,51,78
871,VALU,Financial Services,Financial Data & Stock Exchanges,NASDAQ,111.08,80,70,39,59
872,CGNT,Technology,Software—Infrastructure,NASDAQ,111.05,80,73,43,84
873,PCTY,Technology,Software—Application,NASDAQ,111.04,80,76,44,17
874,BSX,Healthcare,Medical Devices,NYSE,111.0,80,80,84,89
875,REZI,Industrials,Security & Protection Services,NYSE,111.0,80,82,40,51
876,FLS,Industrials,Specialty Industrial Machinery,NYSE,110.9,80,83,72,77
877,SNOW,Technology,Software—Application,NYSE,110.89,80,63,12,26
878,MAC,Real Estate,REIT—Retail,NYSE,110.89,80,84,71,63
879,RNGR,Energy,Oil & Gas Equipment & Services,NYSE,110.88,80,91,37,30
880,ALTR,Technology,Softwareâ€”Infrastructure,NASDAQ,110.87,80,72,64,89
881,ATRA,Healthcare,Biotechnology,NASDAQ,110.83,80,38,6,2
882,PROV,Financial Services,Banks—Regional,NASDAQ,110.83,80,72,59,33
883,HBAN,Financial Services,Banks—Regional,NASDAQ,110.8,80,85,73,74
884,BY,Financial Services,Banks—Regional,NYSE,110.71,80,83,69,81
885,LMAT,Healthcare,Medical Instruments & Supplies,NASDAQ,110.7,80,90,88,90
886,TW,Financial Services,Capital Markets,NASDAQ,110.67,80,74,81,85
887,MFG,Financial Services,Banks—Regional,NYSE,110.64,80,79,49,85
888,MYRG,Industrials,Engineering & Construction,NASDAQ,110.63,80,65,10,29
889,USFD,Consumer Defensive,Food Distribution,NYSE,110.6,80,80,84,74
890,MTB,Financial Services,Banks—Regional,NYSE,110.59,80,90,78,75
891,WTFC,Financial Services,Banks—Regional,NASDAQ,110.56,80,85,65,78
892,IFS,Financial Services,Banks—Regional,NYSE,110.55,80,76,72,48
893,BKU,Financial Services,Banks—Regional,NYSE,110.52,80,86,85,80
894,ONB,Financial Services,Banks—Regional,NASDAQ,110.46,80,73,58,72
895,FBNC,Financial Services,Banks—Regional,NASDAQ,110.44,80,82,82,52
896,JPM,Financial Services,Banks—Diversified,NYSE,110.44,80,79,69,87
897,VNOM,Energy,Oil & Gas Midstream,NASDAQ,110.41,80,89,87,89
898,MRCY,Industrials,Aerospace & Defense,NASDAQ,110.4,80,69,74,29
899,MCBS,Financial Services,Banks—Regional,NASDAQ,110.38,80,83,76,84
900,ORRF,Financial Services,Banks—Regional,NASDAQ,110.36,80,86,89,80
901,RYTM,Healthcare,Biotechnology,NASDAQ,110.35,80,87,89,95
902,ICCH,Financial Services,Insurance—Specialty,NASDAQ,110.33,80,77,82,92
903,CAE,Industrials,Aerospace & Defense,NYSE,110.31,80,74,24,28
904,VYNE,Healthcare,Biotechnology,NASDAQ,110.3,79,74,12,7
905,GIFI,Energy,Oil & Gas Equipment & Services,NASDAQ,110.29,79,84,45,92
906,RELL,Technology,Electronic Components,NASDAQ,110.26,79,79,45,57
907,MSI,Technology,Communication Equipment,NYSE,110.25,79,83,87,86
908,ARLP,Energy,Thermal Coal,NASDAQ,110.24,79,82,71,89
909,NL,Industrials,Security & Protection Services,NYSE,110.23,79,80,79,35
910,CMI,Industrials,Specialty Industrial Machinery,NYSE,110.2,79,83,81,58
911,PRGS,Technology,Software—Application,NASDAQ,110.17,79,75,76,51
912,BALY,Consumer Cyclical,Resorts & Casinos,NYSE,110.16,79,83,86,27
913,UNCY,Healthcare,Biotechnology,NASDAQ,110.11,79,29,6,3
914,BZUN,Consumer Cyclical,Internet Retail,NASDAQ,110.09,79,30,68,27
915,PNR,Industrials,Specialty Industrial Machinery,NYSE,110.05,79,84,85,54
916,DLR,Real Estate,REIT—Office,NYSE,110.04,79,82,71,83
917,ZKIN,Basic Materials,Steel,NASDAQ,110.04,79,19,7,16
918,PSO,Communication Services,Publishing,NYSE,110.03,79,68,60,61
919,CPRX,Healthcare,Biotechnology,NASDAQ,110.03,79,77,86,70
920,CYBR,Technology,Software—Infrastructure,NASDAQ,110.03,79,83,80,91
921,AYI,Industrials,Electrical Equipment & Parts,NYSE,110.01,79,85,78,82
922,CCBG,Financial Services,Banks—Regional,NASDAQ,109.99,79,81,76,44
923,AEVA,Consumer Cyclical,Auto Parts,NYSE,109.99,79,67,49,6
924,IBTX,Financial Services,Banks—Regional,NASDAQ,109.94,79,86,81,73
925,MPB,Financial Services,Banks—Regional,NASDAQ,109.93,79,82,88,56
926,MNMD,Healthcare,Biotechnology,NASDAQ,109.92,79,89,54,94
927,LAUR,Consumer Defensive,Education & Training Services,NASDAQ,109.9,79,82,64,60
928,STT,Financial Services,Asset Management,NYSE,109.88,79,75,72,44
929,DGICB,Financial Services,Insurance—Property & Casualty,NASDAQ,109.86,79,57,45,25
930,CRNX,Healthcare,Biotechnology,NASDAQ,109.82,79,82,85,94
931,MRBK,Financial Services,Banks—Regional,NASDAQ,109.78,79,81,68,49
932,DEI,Real Estate,REIT—Office,NYSE,109.7,79,88,85,54
933,MC,Financial Services,Capital Markets,NYSE,109.64,79,80,83,73
934,OFIX,Healthcare,Medical Devices,NASDAQ,109.61,79,79,63,36
935,SEIC,Financial Services,Asset Management,NASDAQ,109.6,79,72,45,48
936,NGD,Basic Materials,Gold,NYSE MKT,109.58,79,94,98,95
937,SPFI,Financial Services,Banks—Regional,NASDAQ,109.57,79,81,75,63
938,TPZ,Financial Services,Asset Management,NYSE,109.54,79,82,76,70
939,GILD,Healthcare,Drug Manufacturers—General,NASDAQ,109.54,79,75,67,35
940,SANM,Technology,Electronic Components,NASDAQ,109.52,79,77,67,77
941,FRPT,Consumer Defensive,Packaged Foods,NASDAQ,109.5,79,88,89,96
942,NSPR,Healthcare,Medical Appliances & Equipment,NASDAQ,109.43,79,34,42,34
943,HRTG,Financial Services,Insurance—Property & Casualty,NYSE,109.42,79,79,98,35
944,VBTX,Financial Services,Banks—Regional,NASDAQ,109.41,79,84,80,64
945,TRMK,Financial Services,Banks—Regional,NASDAQ,109.4,79,83,68,84
946,MFIN,Financial Services,Credit Services,NASDAQ,109.37,79,64,37,56
947,BLK,Financial Services,Asset Management,NYSE,109.36,79,78,80,62
948,XNET,Communication Services,Advertising Agencies,NASDAQ,109.26,79,65,46,54
949,ZION,Financial Services,Banks—Regional,NASDAQ,109.23,78,87,60,81
950,STXS,Healthcare,Medical Instruments & Supplies,NYSE MKT,109.21,78,32,47,28
951,SNA,Industrials,Tools & Accessories,NYSE,109.2,78,80,46,32
952,ASM,Basic Materials,Other Precious Metals & Mining,NYSE MKT,109.18,78,94,97,93
953,CLM,Financial Services,Asset Management,NYSE MKT,109.17,78,77,57,68
954,JBLU,Industrials,Airlines,NASDAQ,109.16,78,71,57,36
955,NPK,Industrials,Aerospace & Defense,NYSE,109.1,78,37,30,32
956,VOXX,Technology,Consumer Electronics,NASDAQ,109.1,78,96,71,1
957,BELFA,Technology,Electronic Components,NASDAQ,109.09,78,83,94,91
958,MMM,Industrials,Specialty Industrial Machinery,NYSE,109.08,78,79,94,79
959,MLAB,Technology,Scientific & Technical Instruments,NASDAQ,109.05,78,24,85,22
960,JCI,Industrials,Engineering & Construction,NYSE,109.04,78,81,80,68
961,FKWL,Technology,Communication Equipment,NASDAQ,109.03,78,78,90,70
962,NI,Utilities,Utilities—Regulated Gas,NYSE,109.03,78,81,80,65
963,GFL,Industrials,Waste Management,NYSE,108.98,78,78,57,76
964,BCRX,Healthcare,Biotechnology,NASDAQ,108.98,78,62,78,76
965,EM,Consumer Cyclical,Personal Services,NASDAQ,108.97,78,36,44,89
966,LAD,Consumer Cyclical,Auto & Truck Dealerships,NYSE,108.95,78,84,57,24
967,ZIM,Industrials,Marine Shipping,NYSE,108.93,78,96,97,98
968,SERA,Healthcare,Diagnostics & Research,NASDAQ,108.92,78,76,96,91
969,ACR,Real Estate,REITâ€”Mortgage,NYSE,108.92,78,89,91,87
970,DESP,Consumer Cyclical,Travel Services,NYSE,108.9,78,95,76,93
971,IHG,Consumer Cyclical,Lodging,NYSE,108.88,78,79,74,84
972,CARE,Financial Services,Banks—Regional,NASDAQ,108.81,78,80,78,77
973,CINF,Financial Services,Insurance—Property & Casualty,NASDAQ,108.78,78,82,75,71
974,JD,Consumer Cyclical,Internet Retail,NASDAQ,108.77,78,83,91,34
975,CUZ,Real Estate,REIT—Office,NYSE,108.76,78,84,87,56
976,JBL,Technology,Electronic Components,NYSE,108.75,78,53,53,24
977,CFG,Financial Services,Banks—Regional,NYSE,108.73,78,86,81,85
978,EVC,Communication Services,Broadcasting,NYSE,108.72,78,39,25,19
979,WAL,Financial Services,Banks—Regional,NYSE,108.71,78,88,92,86
980,BTO,Financial Services,Asset Management,NYSE,108.71,78,84,74,62
981,PNTG,Healthcare,Medical Care Facilities,NASDAQ,108.67,78,87,98,97
982,NBTB,Financial Services,Banks—Regional,NASDAQ,108.67,78,73,70,69
983,DUO,Real Estate,Real Estate Services,NASDAQ,108.66,78,21,97,26
984,DSGX,Technology,Software—Application,NASDAQ,108.65,78,72,74,84
985,AWI,Industrials,Building Products & Equipment,NYSE,108.64,78,87,85,84
986,AIT,Industrials,Industrial Distribution,NYSE,108.64,78,88,77,74
987,LNG,Energy,Oil & Gas Midstream,NYSE,108.61,78,81,43,66
988,NDAQ,Financial Services,Financial Data & Stock Exchanges,NASDAQ,108.6,78,80,81,66
989,ISSC,Industrials,Aerospace & Defense,NASDAQ,108.55,78,45,26,17
990,DBX,Technology,Software—Infrastructure,NASDAQ,108.54,78,59,35,27
991,ENR,Industrials,Electrical Equipment & Parts,NYSE,108.54,78,79,38,43
992,AUBN,Financial Services,Banks—Regional,NASDAQ,108.53,78,75,80,31
993,IHRT,Communication Services,Broadcasting,NASDAQ,108.53,78,92,24,4
994,FSBC,Financial Services,Banks—Regional,NASDAQ,108.51,78,81,82,69
995,SBGI,Communication Services,Broadcasting,NASDAQ,108.5,77,74,69,57
996,INDB,Financial Services,Banks—Regional,NASDAQ,108.48,77,81,61,44
997,G,Technology,Information Technology Services,NYSE,108.48,77,78,69,35
998,GOOGL,Communication Services,Internet Content & Information,NASDAQ,108.39,77,52,44,90
999,SLVM,Basic Materials,Paper & Paper Products,NYSE,108.38,77,85,92,91
1000,RM,Financial Services,Credit Services,NYSE,108.37,77,58,71,66
1001,GOOG,Communication Services,Internet Content & Information,NASDAQ,108.36,77,52,44,90
1002,CRF,Financial Services,Asset Management,NYSE MKT,108.34,77,79,65,74
1003,PFC,Financial Services,Banks—Regional,NASDAQ,108.33,77,80,62,64
1004,EQH,Financial Services,Insurance—Diversified,NYSE,108.2,77,78,74,89
1005,ICAD,Healthcare,Health Information Services,NASDAQ,108.19,77,39,38,8
1006,OKE,Energy,Oil & Gas Midstream,NYSE,108.14,77,90,71,79
1007,CBFV,Financial Services,Banks—Regional,NASDAQ,108.13,77,79,83,56
1008,T,Communication Services,Telecom Services,NYSE,108.05,77,79,80,74
1009,VMI,Industrials,Metal Fabrication,NYSE,107.98,77,85,66,73
1010,ORN,Industrials,Engineering & Construction,NYSE,107.97,77,74,15,97
1011,R,Industrials,Rental & Leasing Services,NYSE,107.96,77,80,77,77
1012,BURL,Consumer Cyclical,Apparel Retail,NYSE,107.9,77,75,90,90
1013,COST,Consumer Defensive,Discount Stores,NASDAQ,107.89,77,75,82,92
1014,GOCO,Financial Services,Insurance Brokers,NASDAQ,107.89,77,53,15,22
1015,JWN,Consumer Cyclical,Department Stores,NYSE,107.89,77,66,77,82
1016,CDE,Basic Materials,Gold,NYSE,107.86,77,94,98,97
1017,DBD,Technology,Software—Application,NYSE,107.84,77,75,92,96
1018,MOFG,Financial Services,Banks—Regional,NASDAQ,107.77,77,83,74,45
1019,BJ,Consumer Defensive,Discount Stores,NYSE,107.75,77,68,45,85
1020,LOGC,Healthcare,Biotechnology,NASDAQ,107.75,77,77,35,51
1021,AMSF,Financial Services,Insuranceâ€”Specialty,NASDAQ,107.75,77,71,46,34
1022,GAN,Consumer Cyclical,Gambling,NASDAQ,107.71,77,67,78,61
1023,EBAY,Consumer Cyclical,Internet Retail,NASDAQ,107.69,77,72,86,76
1024,GCMG,Financial Services,Asset Management,NASDAQ,107.67,77,80,82,83
1025,EOS,Financial Services,Asset Management,NYSE,107.62,77,67,65,86
1026,FHI,Financial Services,Asset Management,NYSE,107.59,77,79,62,43
1027,SMBC,Financial Services,Banks—Regional,NASDAQ,107.57,77,85,75,58
1028,CCOI,Communication Services,Telecom Services,NASDAQ,107.55,77,73,76,26
1029,C,Financial Services,Banks—Diversified,NYSE,107.53,77,74,66,89
1030,RVSB,Financial Services,Banks—Regional,NASDAQ,107.53,77,63,33,17
1031,ANF,Consumer Cyclical,Apparel Retail,NYSE,107.49,77,62,87,99
1032,SYPR,Consumer Cyclical,Auto Parts,NASDAQ,107.45,77,21,20,43
1033,EBC,Financial Services,Banks—Regional,NASDAQ,107.45,77,82,72,72
1034,WHG,Financial Services,Capital Markets,NYSE,107.43,77,85,82,43
1035,CIX,Industrials,Security & Protection Services,NYSE MKT,107.39,77,69,84,38
1036,FFBC,Financial Services,Banks—Regional,NASDAQ,107.37,77,79,66,62
1037,IRMD,Healthcare,Medical Devices,NASDAQ,107.37,77,72,59,43
1038,DPRO,Industrials,Aerospace & Defense,NASDAQ,107.36,77,4,1,6
1039,MDRR,Real Estate,REIT—Diversified,NASDAQ,107.35,77,54,52,69
1040,COOP,Financial Services,Mortgage Finance,NASDAQ,107.34,76,76,83,89
1041,RNG,Technology,Software—Application,NYSE,107.29,76,52,37,27
1042,EEIQ,Consumer Defensive,Education & Training Services,NASDAQ,107.28,76,57,8,11
1043,SMFG,Financial Services,Banks—Diversified,NYSE,107.27,76,68,60,91
1044,TCBI,Financial Services,Banks—Regional,NASDAQ,107.25,76,87,66,60
1045,CBSH,Financial Services,Banks—Regional,NASDAQ,107.23,76,81,66,74
1046,BMY,Healthcare,Drug Manufacturers—General,NYSE,107.2,76,76,46,15
1047,AFBI,Financial Services,Banksâ€”Regional,NASDAQ,107.19,76,71,75,94
1048,PVBC,Financial Services,Banks—Regional,NASDAQ,107.18,76,58,54,77
1049,BMI,Industrials,Electrical Equipment & Parts,NYSE,107.17,76,72,84,85
1050,PEN,Healthcare,Medical Devices,NYSE,107.14,76,61,23,13
1051,NARI,Healthcare,Medical Devices,NASDAQ,107.11,76,38,12,35
1052,HURN,Industrials,Consulting Services,NASDAQ,107.1,76,68,50,53
1053,LPTX,Healthcare,Biotechnology,NASDAQ,107.09,76,29,76,12
1054,CASY,Consumer Defensive,Grocery Stores,NASDAQ,107.07,76,76,69,90
1055,BHLB,Financial Services,Banks—Regional,NYSE,107.03,76,79,72,62
1056,YY,Communication Services,Internet Content & Information,NASDAQ,107.03,76,46,61,30
1057,FGBI,Financial Services,Banks—Regional,NASDAQ,107.02,76,76,55,26
1058,SUPN,Healthcare,Drug Manufacturers—Specialty & Generic,NASDAQ,107.0,76,66,45,24
1059,FULT,Financial Services,Banks—Regional,NASDAQ,106.98,76,80,70,85
1060,BFC,Financial Services,Banks—Regional,NASDAQ,106.97,76,71,48,51
1061,KR,Consumer Defensive,Grocery Stores,NYSE,106.95,76,68,64,51
1062,BAC,Financial Services,Banks—Diversified,NYSE,106.94,76,80,64,88
1063,CRWD,Technology,Software—Infrastructure,NASDAQ,106.94,76,80,40,97
1064,VVI,Industrials,Specialty Business Services,NYSE,106.92,76,75,40,56
1065,LMNR,Consumer Defensive,Farm Products,NASDAQ,106.91,76,86,90,75
1066,ESE,Technology,Scientific & Technical Instruments,NYSE,106.89,76,83,68,42
1067,PM,Consumer Defensive,Tobacco,NYSE,106.88,76,76,81,66
1068,GATX,Industrials,Rental & Leasing Services,NYSE,106.88,76,74,51,64
1069,GBLI,Financial Services,Insurance—Property & Casualty,NYSE,106.85,76,57,50,51
1070,SKY,Consumer Cyclical,Residential Construction,NYSE,106.83,76,79,86,33
1071,PRK,Financial Services,Banks—Regional,NYSE MKT,106.82,76,85,85,86
1072,SCKT,Technology,Computer Hardware,NASDAQ,106.8,76,74,43,38
1073,LAKE,Consumer Cyclical,Apparel Manufacturing,NASDAQ,106.79,76,66,47,90
1074,GHC,Consumer Defensive,Education & Training Services,NYSE,106.76,76,77,73,59
1075,AEE,Utilities,Utilitiesâ€”Regulated Electric,NYSE,106.76,76,75,74,41
1076,IBM,Technology,Information Technology Services,NYSE,106.75,76,75,89,74
1077,FRME,Financial Services,Banks—Regional,NASDAQ,106.75,76,77,63,65
1078,WTBA,Financial Services,Banks—Regional,NASDAQ,106.74,76,80,39,44
1079,FBIZ,Financial Services,Banks—Regional,NASDAQ,106.73,76,83,80,70
1080,CATY,Financial Services,Banks—Regional,NASDAQ,106.7,76,81,60,56
1081,LPX,Industrials,Building Products & Equipment,NYSE,106.69,76,88,92,76
1082,EMO,Financial Services,Asset Management,NYSE,106.68,76,83,65,83
1083,LTH,Consumer Cyclical,Leisure,NYSE,106.67,76,88,93,83
1084,AREC,Basic Materials,Coking Coal,NASDAQ,106.66,76,73,15,3
1085,CEE,Financial Services,Asset Management,NYSE,106.65,75,72,55,80
1086,JRSH,Consumer Cyclical,Apparel Manufacturing,NASDAQ,106.64,75,60,36,35
1087,TRN,Industrials,Railroads,NYSE,106.6,75,80,77,72
1088,SMAR,Technology,Software—Application,NYSE,106.58,75,76,84,68
1089,WEYS,Consumer Cyclical,Footwear & Accessories,NASDAQ,106.58,75,59,62,48
1090,EDR,Communication Services,Entertainment,NYSE,106.56,75,63,67,77
1091,PKG,Consumer Cyclical,Packaging & Containers,NYSE,106.56,75,83,78,67
1092,BWXT,Industrials,Aerospace & Defense,NYSE,106.55,75,90,78,77
1093,GABC,Financial Services,Banks—Regional,NASDAQ,106.52,75,83,72,79
1094,PH,Industrials,Specialty Industrial Machinery,NYSE,106.49,75,82,87,71
1095,CG,Financial Services,Asset Management,NASDAQ,106.49,75,83,59,63
1096,RIOT,Technology,Software—Application,NASDAQ,106.4,75,59,11,24
1097,ACVA,Technology,Softwareâ€”Application,NASDAQ,106.38,75,71,75,65
1098,AEM,Basic Materials,Gold,NYSE,106.38,75,83,93,86
1099,CVCO,Consumer Cyclical,Residential Construction,NASDAQ,106.38,75,86,82,57
1100,WELL,Real Estate,REIT—Healthcare Facilities,NYSE,106.38,75,83,88,84
1101,MAIN,Financial Services,Asset Management,NYSE,106.37,75,61,52,80
1102,LXFR,Industrials,Specialty Industrial Machinery,NYSE,106.33,75,89,67,53
1103,PAYC,Technology,Software—Application,NYSE,106.32,75,82,26,8
1104,APOG,Industrials,Building Products & Equipment,NASDAQ,106.31,75,86,79,81
1105,TTWO,Communication Services,Electronic Gaming & Multimedia,NASDAQ,106.3,75,68,35,53
1106,BOKF,Financial Services,Banks—Regional,NASDAQ,106.29,75,80,74,69
1107,BEKE,Real Estate,Real Estate Services,NYSE,106.28,75,82,89,53
1108,GIL,Consumer Cyclical,Apparel Manufacturing,NYSE,106.27,75,79,90,79
1109,RDWR,Technology,Software—Infrastructure,NASDAQ,106.25,75,71,79,48
1110,AIZ,Financial Services,Insuranceâ€”Specialty,NYSE,106.23,75,77,75,59
1111,EGHT,Technology,Software—Application,NASDAQ,106.19,75,71,14,16
1112,BSIG,Financial Services,Asset Management,NYSE,106.17,75,87,75,67
1113,EMR,Industrials,Specialty Industrial Machinery,NYSE,106.15,75,75,42,67
1114,GM,Consumer Cyclical,Auto Manufacturers,NYSE,106.11,75,86,62,83
1115,DNB,Technology,Information Technology Services,NYSE,106.1,75,62,64,29
1116,CSCO,Technology,Communication Equipment,NASDAQ,106.08,75,69,51,36
1117,KRT,Consumer Cyclical,Packaging & Containers,NASDAQ,106.05,75,66,36,83
1118,EQT,Energy,Oil & Gas E&P,NYSE,106.04,75,80,28,40
1119,CCNE,Financial Services,Banks—Regional,NASDAQ,106.03,75,79,70,61
1120,EPAC,Industrials,Specialty Industrial Machinery,NYSE,106.01,75,83,78,87
1121,XNCR,Healthcare,Biotechnology,NASDAQ,105.97,75,68,36,22
1122,ABCB,Financial Services,Banksâ€”Regional,NYSE,105.97,75,86,85,81
1123,HSBC,Financial Services,Banks—Diversified,NYSE,105.96,75,67,69,80
1124,IRM,Real Estate,REIT—Specialty,NYSE,105.92,75,88,94,92
1125,FPAY,Industrials,Rental & Leasing Services,NASDAQ,105.91,75,87,14,39
1126,GRF,Financial Services,Asset Management,NYSE MKT,105.9,75,64,53,57
1127,NUVB,Healthcare,Biotechnology,NYSE,105.86,75,71,64,95
1128,HPE,Technology,Communication Equipment,NYSE,105.86,75,77,56,85
1129,HMN,Financial Services,Insurance—Property & Casualty,NYSE,105.84,74,71,58,49
1130,MUSA,Consumer Cyclical,Specialty Retail,NYSE,105.84,74,69,77,87
1131,HLT,Consumer Cyclical,Lodging,NYSE,105.84,74,75,75,85
1132,NTRS,Financial Services,Asset Management,NASDAQ,105.8,74,80,56,58
1133,PRA,Financial Services,Insurance—Property & Casualty,NYSE,105.74,74,71,52,25
1134,PCB,Financial Services,Banks—Regional,NASDAQ,105.73,74,73,60,46
1135,FSK,Financial Services,Asset Management,NYSE,105.73,74,65,50,71
1136,PFIS,Financial Services,Banks—Regional,NASDAQ,105.72,74,76,39,58
1137,BRFS,Consumer Defensive,Packaged Foods,NYSE,105.72,74,71,93,97
1138,WNEB,Financial Services,Banks—Regional,NASDAQ,105.65,74,60,72,42
1139,MSGS,Communication Services,Entertainment,NYSE,105.63,74,69,62,62
1140,TT,Industrials,Specialty Industrial Machinery,NYSE,105.61,74,85,91,91
1141,INFY,Technology,Information Technology Services,NYSE,105.57,74,61,83,74
1142,BFIN,Financial Services,Banks—Regional,NASDAQ,105.57,74,71,77,71
1143,LII,Industrials,Specialty Industrial Machinery,NYSE,105.57,74,80,86,89
1144,HLNE,Financial Services,Asset Management,NASDAQ,105.54,74,93,93,89
1145,PANW,Technology,Software—Infrastructure,NASDAQ,105.5,74,77,66,89
1146,BDC,Industrials,Electrical Equipment & Parts,NYSE,105.49,74,82,84,53
1147,FIBK,Financial Services,Banks—Regional,NASDAQ,105.47,74,75,63,71
1148,SPE,Financial Services,Asset Management,NYSE,105.46,74,71,72,80
1149,ECF,Financial Services,Asset Management,NYSE MKT,105.45,74,72,58,58
1150,EOI,Financial Services,Asset Management,NYSE,105.4,74,74,69,82
1151,RBA,Industrials,Specialty Business Services,NYSE,105.34,74,74,62,74
1152,FHB,Financial Services,Banks—Regional,NASDAQ,105.34,74,78,63,60
1153,VIAV,Technology,Communication Equipment,NASDAQ,105.33,74,68,52,14
1154,SLG,Real Estate,REIT—Office,NYSE,105.31,74,93,91,91
1155,CBZ,Industrials,Specialty Business Services,NYSE,105.22,74,59,34,82
1156,DPG,Financial Services,Asset Management,NYSE,105.22,74,78,84,70
1157,APH,Technology,Electronic Components,NYSE,105.2,74,75,74,92
1158,WBS,Financial Services,Banks—Regional,NYSE,105.18,74,82,38,48
1159,RMBI,Financial Services,Banks—Regional,NASDAQ,105.15,74,62,59,53
1160,PNC,Financial Services,Banks—Regional,NYSE,105.14,74,82,78,72
1161,CADE,Financial Services,Banks—Regional,NYSE,105.13,74,83,73,81
1162,AKRO,Healthcare,Biotechnology,NASDAQ,105.11,74,89,54,17
1163,ENSC,Healthcare,Biotechnology,NASDAQ,105.1,74,41,1,3
1164,EIG,Financial Services,Insurance—Specialty,NYSE,105.09,74,71,66,61
1165,ADP,Industrials,Staffing & Employment Services,NASDAQ,105.09,74,70,66,49
1166,LBRDK,Communication Services,Entertainment,NASDAQ,105.07,74,85,68,20
1167,GOOD,Real Estate,REIT—Diversified,NASDAQ,105.06,74,80,77,78
1168,FSEA,Financial Services,Banks—Regional,NASDAQ,105.03,74,49,60,78
1169,MFC,Financial Services,Insurance—Life,NYSE,105.0,74,82,82,86
1170,MAR,Consumer Cyclical,Lodging,NASDAQ,104.98,74,74,53,70
1171,TRUE,Communication Services,Internet Content & Information,NASDAQ,104.96,74,84,56,73
1172,UNB,Financial Services,Banks—Regional,NASDAQ,104.95,74,63,47,19
1173,ALL,Financial Services,Insuranceâ€”Property & Casualty,NYSE,104.95,74,75,85,81
1174,EQBK,Financial Services,Banks—Regional,NYSE,104.94,74,88,83,86
1175,SWI,Technology,Software—Infrastructure,NYSE,104.91,73,51,54,73
1176,SNCY,Industrials,Airlines,NASDAQ,104.88,73,67,14,20
1177,MGEE,Utilities,Utilities—Diversified,NASDAQ,104.88,73,84,75,44
1178,INFN,Technology,Communication Equipment,NASDAQ,104.84,73,74,84,85
1179,FUN,Consumer Cyclical,Leisure,NYSE,104.83,73,53,27,93
1180,BYD,Consumer Cyclical,Resorts & Casinos,NYSE,104.82,73,72,52,22
1181,CCEL,Healthcare,Medical Care Facilities,NYSE MKT,104.82,73,87,33,68
1182,OSBC,Financial Services,Banks—Regional,NASDAQ,104.8,73,73,45,71
1183,BKR,Energy,Oil & Gas Equipment & Services,NASDAQ,104.78,73,85,36,57
1184,BL,Technology,Software—Infrastructure,NASDAQ,104.77,73,66,29,21
1185,ASB,Financial Services,Banksâ€”Regional,NYSE,104.77,73,81,50,72
1186,ITRI,Technology,Scientific & Technical Instruments,NASDAQ,104.74,73,77,80,90
1187,ZWS,Utilities,Utilities—Regulated Water,NYSE,104.71,73,74,68,44
1188,FLR,Industrials,Engineering & Construction,NYSE,104.69,73,80,66,79
1189,V,Financial Services,Credit Services,NYSE,104.68,73,63,44,58
1190,INVZ,Consumer Cyclical,Auto Parts,NASDAQ,104.67,73,4,6,4
1191,DRI,Consumer Cyclical,Restaurants,NYSE,104.66,73,50,57,36
1192,MO,Consumer Defensive,Tobacco,NYSE,104.65,73,71,70,64
1193,UEIC,Technology,Consumer Electronics,NASDAQ,104.64,73,81,29,75
1194,MDRRP,Real Estate,REIT—Diversified,NASDAQ,104.62,73,66,55,66
1195,ITCI,Healthcare,Biotechnology,NASDAQ,104.61,73,74,56,64
1196,PFS,Financial Services,Banks—Regional,NYSE,104.6,73,76,71,34
1197,SSB,Financial Services,Banks—Regional,NYSE,104.57,73,77,78,52
1198,DGII,Technology,Communication Equipment,NASDAQ,104.57,73,62,39,16
1199,HBCP,Financial Services,Banks—Regional,NASDAQ,104.57,73,76,62,67
1200,BWFG,Financial Services,Banks—Regional,NASDAQ,104.55,73,76,66,49
1201,AGS,Consumer Cyclical,Gambling,NYSE,104.52,73,67,81,95
1202,SONY,Technology,Consumer Electronics,NYSE,104.52,73,53,63,44
1203,TXRH,Consumer Cyclical,Restaurants,NASDAQ,104.5,73,78,86,91
1204,AMS,Healthcare,Medical Care Facilities,NYSE MKT,104.45,73,54,52,80
1205,NDP,Financial Services,Asset Management,NYSE,104.44,73,83,59,75
1206,CTRN,Consumer Cyclical,Apparel Retail,NASDAQ,104.41,73,20,15,21
1207,BTI,Consumer Defensive,Tobacco,NYSE,104.4,73,66,82,61
1208,HWC,Financial Services,Banks—Regional,NASDAQ,104.4,73,77,67,77
1209,STCN,Industrials,Conglomerates,NASDAQ,104.36,73,34,35,91
1210,LULU,Consumer Cyclical,Apparel Retail,NASDAQ,104.32,73,31,12,16
1211,MOGU,Consumer Cyclical,Internet Retail,NYSE,104.31,73,41,41,72
1212,AQST,Healthcare,Drug Manufacturersâ€”Specialty & Generic,NASDAQ,104.28,73,90,98,70
1213,CHN,Financial Services,Asset Management,NYSE,104.22,73,66,65,41
1214,AZPN,Technology,Software—Application,NASDAQ,104.21,73,72,63,39
1215,SAMG,Financial Services,Asset Management,NASDAQ,104.2,73,60,43,33
1216,MMSI,Healthcare,Medical Instruments & Supplies,NASDAQ,104.19,73,76,80,79
1217,SKT,Real Estate,REIT—Retail,NYSE,104.17,73,80,76,52
1218,ASMB,Healthcare,Biotechnology,NASDAQ,104.15,73,69,85,73
1219,LBRDA,Communication Services,Entertainment,NASDAQ,104.11,73,85,68,20
1220,ADSK,Technology,Softwareâ€”Application,NASDAQ,104.1,72,83,63,67
1221,MAG,Basic Materials,Silver,NYSE MKT,104.1,72,83,90,60
1222,XEL,Utilities,Utilities—Regulated Electric,NASDAQ,104.09,72,73,68,36
1223,AB,Financial Services,Asset Management,NYSE,104.08,72,66,57,65
1224,VLGEA,Consumer Defensive,Grocery Stores,NASDAQ,104.07,72,58,75,53
1225,NOK,Technology,Communication Equipment,NYSE,104.06,72,51,73,58
1226,COKE,Consumer Defensive,Beverages—Non-Alcoholic,NASDAQ,104.03,72,76,92,95
1227,CRH,Basic Materials,Building Materials,NYSE,104.02,72,78,87,66
1228,JLL,Real Estate,Real Estate Services,NYSE,104.02,72,77,93,81
1229,PEG,Utilities,Utilities—Diversified,NYSE,104.0,72,79,86,80
1230,FTI,Energy,Oil & Gas Equipment & Services,NYSE,103.97,72,74,49,85
1231,DGICA,Financial Services,Insurance—Property & Casualty,NASDAQ,103.96,72,63,60,34
1232,BOSC,Technology,Communication Equipment,NASDAQ,103.94,72,61,34,35
1233,ALNY,Healthcare,Biotechnology,NASDAQ,103.92,72,81,91,94
1234,SXC,Basic Materials,Coking Coal,NYSE,103.92,72,82,16,44
1235,CLBR,Financial Services,Shell Companies,NYSE,103.91,72,44,35,47
1236,BRO,Financial Services,Insurance Brokers,NYSE,103.89,72,74,83,82
1237,THG,Financial Services,Insurance—Property & Casualty,NYSE,103.88,72,72,72,55
1238,RUSHB,Consumer Cyclical,Auto & Truck Dealerships,NASDAQ,103.84,72,68,46,19
1239,SILV,Basic Materials,Other Precious Metals & Mining,NYSE MKT,103.83,72,91,94,91
1240,BDN,Real Estate,REIT—Office,NYSE,103.81,72,79,78,51
1241,FPH,Real Estate,Real Estate—Development,NYSE,103.8,72,81,71,43
1242,RMD,Healthcare,Medical Instruments & Supplies,NYSE,103.79,72,74,88,60
1243,FENG,Communication Services,Internet Content & Information,NYSE,103.75,72,76,95,97
1244,AP,Industrials,Metal Fabrication,NYSE,103.75,72,20,94,1
1245,TWST,Healthcare,Diagnostics & Research,NASDAQ,103.73,72,60,88,98
1246,ITGR,Healthcare,Medical Devices,NYSE,103.72,72,71,77,81
1247,IBOC,Financial Services,Banks—Regional,NASDAQ,103.7,72,81,63,81
1248,KEY,Financial Services,Banks—Regional,NYSE,103.66,72,84,81,82
1249,HTBI,Financial Services,Banks—Regional,NASDAQ,103.59,72,80,82,88
1250,NTNX,Technology,Software—Infrastructure,NASDAQ,103.56,72,81,77,93
1251,LFST,Healthcare,Medical Care Facilities,NASDAQ,103.56,72,65,69,14
1252,INGR,Consumer Defensive,Packaged Foods,NYSE,103.54,72,72,81,59
1253,EHC,Healthcare,Medical Care Facilities,NYSE,103.54,72,74,82,81
1254,SFNC,Financial Services,Banks—Regional,NASDAQ,103.51,72,78,69,40
1255,XBIO,Healthcare,Biotechnology,NASDAQ,103.48,72,47,28,53
1256,CHRW,Industrials,Integrated Freight & Logistics,NASDAQ,103.48,72,75,83,63
1257,TOWN,Financial Services,Banks—Regional,NASDAQ,103.48,72,69,76,61
1258,THFF,Financial Services,Banks—Regional,NASDAQ,103.47,72,72,64,50
1259,IBEX,Technology,Software—Application,NASDAQ,103.43,72,76,75,43
1260,CPSS,Financial Services,Credit Services,NASDAQ,103.39,72,72,45,67
1261,BCV,Financial Services,Asset Management,NYSE MKT,103.35,72,72,51,51
1262,RLI,Financial Services,Insurance—Property & Casualty,NYSE,103.33,72,71,54,48
1263,PCOR,Technology,Software—Application,NYSE,103.31,72,66,22,39
1264,TSE,Basic Materials,Specialty Chemicals,NYSE,103.29,72,15,94,1
1265,FCF,Financial Services,Banks—Regional,NYSE,103.27,71,80,77,62
1266,CNS,Financial Services,Asset Management,NYSE,103.26,71,87,88,63
1267,EZPW,Financial Services,Credit Services,NASDAQ,103.25,71,65,55,71
1268,CUE,Healthcare,Biotechnology,NASDAQ,103.25,71,22,0,4
1269,WTM,Financial Services,Insurance—Property & Casualty,NYSE,103.2,71,63,38,72
1270,OPK,Healthcare,Diagnostics & Research,NASDAQ,103.2,71,60,55,18
1271,AMRX,Healthcare,Drug Manufacturersâ€”Specialty & Generic,NASDAQ,103.18,71,80,92,92
1272,WSBC,Financial Services,Banks—Regional,NASDAQ,103.15,71,72,42,50
1273,ATO,Utilities,Utilities—Regulated Gas,NYSE,103.14,71,77,74,54
1274,BECN,Industrials,Building Products & Equipment,NASDAQ,103.13,71,70,33,44
1275,OPT,Healthcare,Biotechnology,NASDAQ,103.13,71,62,97,12
1276,CNP,Utilities,Utilities—Regulated Electric,NYSE,103.12,71,64,36,69
1277,RF,Financial Services,Banks—Regional,NYSE,103.11,71,85,70,60
1278,PSN,Industrials,Specialty Industrial Machinery,NYSE,103.08,71,73,92,88
1279,MUFG,Financial Services,Banks—Diversified,NYSE,103.08,71,68,48,88
1280,MBI,Financial Services,Insurance—Specialty,NYSE,103.08,71,79,5,17
1281,FITB,Financial Services,Banks—Regional,NASDAQ,103.07,71,84,86,85
1282,TJX,Consumer Cyclical,Apparel Retail,NYSE,103.05,71,61,71,82
1283,MLP,Real Estate,Real Estate Services,NYSE,103.04,71,69,68,88
1284,CWK,Real Estate,Real Estate Services,NYSE,103.04,71,81,91,72
1285,CCJ,Energy,Uranium,NYSE,103.03,71,85,48,84
1286,XOMA,Healthcare,Biotechnology,NASDAQ,103.03,71,78,81,86
1287,CSTL,Healthcare,Diagnostics & Research,NASDAQ,103.02,71,65,88,78
1288,ITRN,Technology,Communication Equipment,NASDAQ,103.0,71,53,40,35
1289,CTO,Real Estate,REIT—Diversified,NYSE,103.0,71,63,66,66
1290,GNRC,Industrials,Specialty Industrial Machinery,NYSE,102.98,71,85,75,65
1291,IRT,Real Estate,REIT—Residential,NYSE,102.91,71,82,81,85
1292,BHB,Financial Services,Banks—Regional,NYSE MKT,102.9,71,79,65,61
1293,RICK,Consumer Cyclical,Restaurants,NASDAQ,102.87,71,37,19,10
1294,MCK,Healthcare,Medical Distribution,NYSE,102.83,71,69,27,84
1295,SNDR,Industrials,Trucking,NYSE,102.82,71,78,62,38
1296,ARMK,Consumer Cyclical,Restaurants,NYSE,102.78,71,76,82,75
1297,ETY,Financial Services,Asset Management,NYSE,102.77,71,67,69,80
1298,PFGC,Consumer Defensive,Food Distribution,NYSE,102.76,71,70,70,40
1299,GWW,Industrials,Industrial Distribution,NYSE,102.76,71,78,76,67
1300,FRA,Financial Services,Asset Management,NYSE,102.74,71,63,53,69
1301,IDA,Utilities,Utilities—Regulated Electric,NYSE,102.72,71,75,56,44
1302,FMS,Healthcare,Medical Care Facilities,NYSE,102.7,71,57,49,38
1303,CME,Financial Services,Financial Data & Stock Exchanges,NASDAQ,102.67,71,51,52,44
1304,CMA,Financial Services,Banks—Regional,NYSE,102.66,71,87,77,65
1305,MPAA,Consumer Cyclical,Auto Parts,NASDAQ,102.65,71,31,23,13
1306,LOPE,Consumer Defensive,Education & Training Services,NASDAQ,102.6,71,64,46,76
1307,GE,Industrials,Specialty Industrial Machinery,NYSE,102.59,71,80,93,95
1308,PBH,Healthcare,Medical Distribution,NYSE,102.59,71,75,50,64
1309,KMPR,Financial Services,Insurance—Property & Casualty,NYSE,102.57,71,81,67,81
1310,RTX,Industrials,Aerospace & Defense,NYSE,102.55,71,69,87,74
1311,SEM,Healthcare,Medical Care Facilities,NYSE,102.52,70,78,70,90
1312,GCV,Financial Services,Asset Management,NYSE,102.51,70,64,44,54
1313,CLPS,Technology,Information Technology Services,NASDAQ,102.5,70,67,91,23
1314,BRX,Real Estate,REIT—Retail,NYSE,102.49,70,78,78,62
1315,PGR,Financial Services,Insurance—Property & Casualty,NYSE,102.46,70,79,91,88
1316,PHX,Energy,Oil & Gas E&P,NYSE,102.45,70,61,34,40
1317,DRVN,Consumer Cyclical,Auto & Truck Dealerships,NASDAQ,102.44,70,71,52,23
1318,BOH,Financial Services,Banks—Regional,NYSE,102.4,70,81,55,66
1319,KRNY,Financial Services,Banks—Regional,NASDAQ,102.39,70,77,39,30
1320,TIPT,Financial Services,Insurance—Specialty,NASDAQ,102.38,70,64,61,41
1321,CHH,Consumer Cyclical,Lodging,NYSE,102.37,70,76,58,47
1322,PETS,Healthcare,Pharmaceutical Retailers,NASDAQ,102.34,70,59,9,7
1323,HEAR,Technology,Consumer Electronics,NASDAQ,102.3,70,64,69,75
1324,PLYA,Consumer Cyclical,Resorts & Casinos,NASDAQ,102.27,70,66,27,37
1325,FGB,Financial Services,Asset Management,NYSE,102.26,70,67,68,82
1326,ROKU,Communication Services,Entertainment,NASDAQ,102.23,70,36,52,29
1327,J,Industrials,Engineering & Construction,NYSE,102.21,70,63,57,51
1328,ACA,Industrials,Infrastructure Operations,NYSE,102.21,70,77,64,54
1329,ADUS,Healthcare,Medical Care Facilities,NASDAQ,102.17,70,60,84,86
1330,BRW,Financial Services,Asset Management,NYSE,102.17,70,56,52,47
1331,NFBK,Financial Services,Banks—Regional,NASDAQ,102.17,70,76,63,35
1332,LNTH,Healthcare,Diagnostics & Research,NASDAQ,102.17,70,48,93,82
1333,HSTM,Healthcare,Health Information Services,NASDAQ,102.12,70,64,52,73
1334,APPF,Technology,Softwareâ€”Application,NASDAQ,102.12,70,46,57,88
1335,EQIX,Real Estate,REIT—Specialty,NASDAQ,102.1,70,62,66,43
1336,HCI,Financial Services,Insurance—Property & Casualty,NYSE,102.1,70,66,87,80
1337,DDS,Consumer Cyclical,Department Stores,NYSE,102.1,70,64,33,77
1338,SNBR,Consumer Cyclical,"Furnishings, Fixtures & Appliances",NASDAQ,102.09,70,25,82,5
1339,LUV,Industrials,Airlines,NYSE,102.02,70,60,43,39
1340,PKBK,Financial Services,Banks—Regional,NASDAQ,102.0,70,76,71,35
1341,VLRS,Industrials,Airlines,NYSE,101.99,70,70,23,15
1342,CSPI,Technology,Information Technology Services,NASDAQ,101.99,70,28,40,95
1343,UGI,Utilities,Utilities—Regulated Gas,NYSE,101.97,70,44,41,32
1344,EVRG,Utilities,Utilities—Regulated Electric,NASDAQ,101.95,70,72,74,51
1345,GILT,Technology,Communication Equipment,NASDAQ,101.92,70,36,34,13
1346,CCD,Financial Services,Asset Management,NASDAQ,101.91,70,67,80,80
1347,PB,Financial Services,Banks—Regional,NYSE,101.85,70,76,67,48
1348,KN,Technology,Communication Equipment,NYSE,101.84,70,50,48,54
1349,CCRN,Industrials,Staffing & Employment Services,NASDAQ,101.84,70,8,14,8
1350,NEN,Real Estate,Real Estate—Diversified,NYSE MKT,101.83,70,59,37,47
1351,FCBC,Financial Services,Banks—Regional,NASDAQ,101.8,70,76,76,77
1352,MBWM,Financial Services,Banks—Regional,NASDAQ,101.8,70,73,59,80
1353,UE,Real Estate,REIT—Diversified,NYSE,101.79,70,75,73,73
1354,DIS,Communication Services,Entertainment,NYSE,101.79,70,67,34,46
